sentence	entity_01	entity_02	label
대통령 후보 시절 인 2002 년 6 월 20 일 에 서울특별시 종로구 혜화동 가톨릭대 주교관 이 던 김수환 추기경 을 방문 했 다 . 	김수환	서울특별시	37
한편 중국 국민당 은 장제스 의 지도하 에 현재 의 타이베이 시 로 정부 를 이전 하 여 지금 까지 중화민국 의 법통 이 계승 되 고 있 다 . 	장제스	타이베이 시	37
6 월 김형근 ( 金亨根 ) 대한민국 내무부 의 서울특별시 판자 집 철거 정책 에 반대 하 여 김도연 , 민관식 ( 閔寬植 ) , 임흥순 ( 任興淳 ) 등 과 상의 한 뒤 판자촌 철거 는 민생 을 위협 하 는 것 이 라며 반대 하 였 다 . 	김도연	서울특별시	37
1963 년 3 월 박정희 가 군정 연장 안 을 발표 하 자 , 윤보선 과 허정 은 각각 측근 들 을 데리 고 서울특별시 에서 산책 데모 를 하 였 다 . 	윤보선	서울특별시	37
1963 년 3 월 박정희 가 군정 연장 안 을 발표 하 자 , 윤보선 과 허정 은 각각 측근 들 을 데리 고 서울특별시 에서 산책 데모 를 하 였 다 . 	허정	서울특별시	37
9 월 장택상 , 함석헌 , 이범석 , 장준하 , 박순천 등 과 함께 서울특별시 용산구 의 효창공원 에서 열린 한일협상 반대 집회 에 참석 하 였 다 . 	함석헌	서울특별시	37
9 월 장택상 , 함석헌 , 이범석 , 장준하 , 박순천 등 과 함께 서울특별시 용산구 의 효창공원 에서 열린 한일협상 반대 집회 에 참석 하 였 다 . 	박순천	서울특별시	37
9 월 장택상 , 함석헌 , 이범석 , 장준하 , 박순천 등 과 함께 서울특별시 용산구 의 효창공원 에서 열린 한일협상 반대 집회 에 참석 하 였 다 . 	이범석	서울특별시	37
9 월 장택상 , 함석헌 , 이범석 , 장준하 , 박순천 등 과 함께 서울특별시 용산구 의 효창공원 에서 열린 한일협상 반대 집회 에 참석 하 였 다 . 	장택상	서울특별시	37
그 의 사후 에 도 1997 년 까지 부인 공덕귀 가 살 던 그 의 서울특별시 안국동 사저 는 서울특별시 사 적 제 438 호 로 지정 되 었 다 . 	공덕귀	서울특별시	37
노벨 문학상 3 년 뒤 인 1972 년 4 월 16 일 , 가나가와 현  즈시 시 의 맨션 「 즈시 마리나 」 의 자택 작업실 에서 가와바타 야스나리 는 사망 한 채 로 발견 되 었 다 . 	가와바타 야스나리	즈시 시	37
1999 년 - 평양직할시 에서 정주영 현대 명예 회장 , 김정일 국방 위원장 과 대북 사업 관련 면담 	김정일	평양직할시	37
2013 년 - 한국 최초 의 동성애자 인권 운동가 이 자 시조 시인 , 작가 인 육우당 을 기념 하 는 육우당 문학상 이 서울특별시 동대문구 에서 제정 되 었 다 . 	육우당	서울특별시	37
1906 년 - 한 말 의병장 최익현 , 일본군 에 잡혀 쓰시마 섬 으로 유배 . 	최익현	쓰시마 섬	37
2016 년 - 대한민국 유명 야구 해설가 하일성 이 서울특별시 송파구 삼전동 의 자신 이 운영 하 는 SKY 엔터테인먼트 사무실 에서 밧줄 로 목 을 매 어 스스로 목숨 을 끊 어 사망 하 였 다 . 	하일성	서울특별시	37
668 년 - 동로마 제국 황제 콘스탄스 2세 가 이탈리아  시라쿠사 의 욕실 에서 암살 당하 다 . 	콘스탄스 2세	시라쿠사	37
2013 년 - 대한민국 의 인권 운동가 성재기 가 서울특별시 마포구 마포대교 에서 투신 퍼포먼스 를 벌이 다 사망 했 다 . 	성재기	서울특별시	37
2013 년 - 대한민국 의 인권 운동가 성재기 의 시신 이 서울특별시 마포구 서강대교 에서 발견 되 었 다 . 	성재기	서울특별시	37
1956 년 - 대한민국 제 3 대 대통령 에 이승만 , 제 4 대 부통령 에 장면 이 서울특별시 중앙청 광장 에서 각각 취임식 을 하 고 , 공식 임기 에 들어가 다 . 	이승만	서울특별시	37
1956 년 - 대한민국 제 3 대 대통령 에 이승만 , 제 4 대 부통령 에 장면 이 서울특별시 중앙청 광장 에서 각각 취임식 을 하 고 , 공식 임기 에 들어가 다 . 	장면	서울특별시	37
1949 년 10 월 1 일 베이징 시 ( 北京 ) 의 천안문 ( 톈안먼 , 天安門 ) 광장 에서 마오쩌둥 은 중화인민공화국 수립 을 공식 선언 하 였 다 . 	마오쩌둥	베이징 시	37
10 월 육영수 를 소개 받 았 고 육군 본부 의 전방 지휘소 가 서울특별시 로 이동 하 게 되 자 , 그 는 서둘러 약혼식 을 올렸 다 . 	육영수	서울특별시	37
2002 년 9 월 17 일 - 평양직할시 에서 조선민주주의인민공화국 의 김정일 위원장 과 첫 정상 회담 , 조일평양 선언 조인 . 	김정일	평양직할시	37
또한 양녕대군 의 폐립 ( 廢立 ) 문제 에 반대 의견 을 내 던 이조 판서  황희 는 1413 년 초 태종 의 노여움 을 사 서 좌천 ( 左遷 ) 되 었 다가 , 1418 년 ( 태종 18 년 ) 에 충녕대군 이 세자 로 책봉 되 자 이 에 반대 하 다가 결국 폐서 인 되 어 , 교하 ( 交河 , 파주시 ) 지방 에 유배 된 다 . 	황희	파주시	37
1979 년 10 월 26 일 저녁 에 서울특별시 궁정동 에 위치 한 대한민국 국가 정보원 안전 가옥 에서 박정희 와 김계원 대통령 비서실장 및 차지철 대통령 경호 실장 과 의 식사 도중 박정희 와 차지철 을 발터 PPK 권총 으로시 해 하 며 10 . 26 사태 를 일으켰 다 . 	차지철	서울특별시	37
1979 년 10 월 26 일 저녁 에 서울특별시 궁정동 에 위치 한 대한민국 국가 정보원 안전 가옥 에서 박정희 와 김계원 대통령 비서실장 및 차지철 대통령 경호 실장 과 의 식사 도중 박정희 와 차지철 을 발터 PPK 권총 으로시 해 하 며 10 . 26 사태 를 일으켰 다 . 	김계원	서울특별시	37
 김정일 의 영결식 은 12 월 28 일  평양직할시 에서 영결식 이 시행 되 었 고 , 다음 날 인 29 일 에 는 평양 김일성 광장 에서 추모 대회 가 열렸 고 추모곡 이 작곡 되 었 다 . 	김정일	평양직할시	37
1979 년 10 월 26 일 대통령 박정희 가 대한민국 의 국가 정보원장 김재규 에 의해 피살 당하 자 전두환 과 함께 군부 를 장악 , 그해 12 월 초 서울특별시 에서 전두환 , 정호용 등 과 함께 계획 을 세워 정승화 · 김재규 등 을 군부 에서 축출 하 고 12 · 12 군사 반란 을 진행 하 였 다 . 	김재규	서울특별시	37
1979 년 10 월 26 일 대통령 박정희 가 대한민국 의 국가 정보원장  김재규 에 의해 피살 당하 자 전두환 과 함께 군부 를 장악 , 그해 12 월 초 서울특별시 에서 전두환 , 정호용 등 과 함께 계획 을 세워 정승화 · 김재규 등 을 군부 에서 축출 하 고 12 · 12 군사 반란 을 진행 하 였 다 . 	김재규	서울특별시	37
당 대표 는 박상천 이 었 고 , 당사 ( 黨舍 ) 소재지 는 서울특별시 영등포구 여의도동 25 - 4 번지 였 다 . 	박상천	서울특별시	37
710 년 - 겐메이 천황 이 , 헤이조쿄 ( 현재 의 나라 시 ) 로 천도 했 다 . 	겐메이 천황	나라 시	37
원술 ( 袁術 ) 이 보낸 장수 손견 ( 孫堅 ) 이 샹양 시 ( 襄陽 ) 에서 유표 ( 劉表 ) 를 공격 하 여 손견 이 전사 하 였 다 . 	손견	샹양 시	37
1949 년 국공 내전 으로 인하 여 난징 시 에 있 던 중화민국 정부 를 타이베이 시 로 이전 한 장제스 총통 은 중국 공산당 과 의 대립 을 이유 로 국가 적 인 계엄령 을 선포 하 고 군사 독재 를 펼친 다 . 	장제스	타이베이 시	37
1987 년 11 월 1 일 새벽 3 시 27 분 경 , 유재하 는 서울특별시 용산구 한남동 강변북로 부근 에서 승용차 를 타 고 가 다가 차 가 중앙선 을 침범 하 여 마주 오 던 한도콜택시 와 정면 충돌 하 는 사고 로 인해 25 세 의 나이 로 사망 했 다 . 	유재하	서울특별시	37
 아르키메데스 ( , , 약 기원 전 287 년 ~ 기원 전 212 년 ) 는 고대 그리스 마그나 그라이키아 의 일부 였 던 시라쿠사 출신 의 철학자 , 수학자 , 천문학자 , 물리학자 겸 공학자 이 다 . 	아르키메데스	시라쿠사	37
 아르키메데스 는 기원 전 287 년 무렵 시라쿠사 에서 태어났 다 . 	아르키메데스	시라쿠사	37
 서울특별시 와 인천광역시 를 둘러싸 고 있 고 , 동쪽 으로 강원 도 , 서쪽 으로 황해 , 남쪽 으로 는 충청남도 · 충청북 도 와 접하 며 , 북쪽 으로 는 조선민주주의인민공화국 과 경계 를 이룬 다 . 	황해	서울특별시	37
 김일성 은 1972 년 7 · 4 남북 공동 성명 으로 , 평양직할시 을 방문 한 이후락 전 대한민국 중앙정보부장 과 의 오찬 자리 에서 1 · 21 사태 에 대해 자신 은 아는 바 가 없 었 다고 말 하 였 으나 , 1 . 21 사태 당시 남파 공작원 이 었 던 김신조 는 이 를 북한 의 상투 적 거짓말 이 라고 말 했 다 . 	김일성	평양직할시	37
1919 년 4 월 23 일 에 는 서울특별시 에서 한성임시 정부 가 이승만 을 집정관 총재 로 추대 했 다 . 	이승만	서울특별시	37
1948 년 8 월 15 일 정부 가 수립 되 자 황실 을 배척 하 던 대통령  이승만 의 정책 에 의해 망국 의 황자 로서 고난 의 세월 을 보내 다가 1950 년 6 월 6 · 25 전쟁 으로 피난 갔 다가 1952 년 휴전 후 다시 서울특별시 로 되돌아왔 다 . 	이승만	서울특별시	37
김현철 은 1959 년 3 월 8 일 에 서울특별시 에서 아버지 김영삼 과 어머니 손명순 사이 에서 2 남 3 녀 중 차남 으로 태어났 다 . 	김영삼	서울특별시	37
휴전 협정 이후 이승만 대통령 은 다시 서울특별시 에 올라와 서 , 휴전 협정 4 조 60 항 은 협정 체결 후 3 개월 안 에 한반도 문제 의 평화 적 해결 을 위한 고위급 관계국 정치 회의 를 개최 할 것 을 쌍방 정부 에 건의 했 다 . 	이승만	서울특별시	37
라테라노 조약 ( ) 은 1929 년 2 월 11 일 이탈리아 왕국 과 바티칸 시국 양국 이 라테라노 궁전 에서 체결 한 조약 으로 , 교황 비오 11세 가 파견 한 로마 교황청 대표 피에트로 가스 피리 와 이탈리아 수상 베니토 무솔리니 가 교섭 에 나선 이후 에 맺 은 조약 이 다 . 	교황 비오 11세	바티칸 시국	37
1926 년 교황 비오 11세 때 에 교황 청 은 이탈리아 정부 와 화해 하 고 라테라노 조약 을 맺 어 바티칸 시국 을 선언 함 으로써 교황 의 독립 성 을 보장 받 았 다 . 	교황 비오 11세	바티칸 시국	37
1631 년 ( 인조 8 년 ) 경기도  파주시 법원읍 동문리 에 이이 의 신도비 ( 神道碑 ) 가 세워 졌 다 . 	이이	파주시	37
1932 년 12 월 19 일 새벽 7 시 27 분 일본 이시카와 현 가나자와 시 미쓰코지야마 서북 골짜기 에서 형틀 에 묶인 사형수 ( 윤봉길 ) 는 미간 에 총알 을 맞 고 13 분 뒤 에 숨졌 다 . 	윤봉길	이시카와 현	37
1636 년 병자호란 이 일어나 자 인조 의 명 으로 아우 인평대군 을 비롯 한 왕족 을 거느리 고 강화도 로 옮겨 장기 항전 을 꾀했 으나 , 남한산성 에 고립 되 었 던 인조 가 이듬해 정축하성 을 결행 , 청나라 에 항복 함 에 따라 삼전도 의 굴욕 을 본 뒤 형 소현세자 및 홍익 한 · 윤집 · 오달제 등 강경 주전론자 ( 主戰論者 ) 들 과 함께 청나라 에 볼모 로 잡혀가 선양 시 에 8 년 동안 머물렀 다 . 	오달제	선양 시	37
* 대한민국 의 인권 운동가 성재기 가 서울특별시 강남구 삼성동 142 - 3 엘지에클라트 B 동 324 호 에서 남성 연대 를 설립 하 였 다 . 	성재기	서울특별시	37
한글 문화원 은 한글 타자기 를 발명 한 공병우 가 1990 년대 에 미국 에서 돌아와 서울특별시 종로구 돈화문 ( 비원 앞 ) 공안 과 빌딩 안 에 만든 문화 단체 이 다 . 	공병우	서울특별시	37
머스코지 족 과 한 핏줄 인 크릭 족 이 앨라배마 주 에 있 는 자신 들 의 영토 에서 나가 기 를 거부 하 자 , 앤드루 잭슨 이 이끄는 테네시 주 민병대 가 원정 을 펼쳐 호스슈 벤드 전투 에서 저항 하 는 원주민 들 을 가차 없이 살육 하 고 그 들 을 서부 로 몰아냈 다 . 	앤드루 잭슨	테네시 주	37
* 2014 년 6 월 초 에 전라남도  순천시 서 면 학구리 에서 발견 된 변사체 가 세월 호 침몰 사고 를 낸 청해진해운 회장 유병언 인 것 으로 밝혀 졌 다 . 	유병언	순천시	37
권양숙 은 1948 년 2 월 2 일 에 경상남 도  창원시 에서 권오석 과 박덕남 사이 에서 1 남 3 녀 중 차녀 로 태어났 다 . 	권오석	창원시	37
한편 중화민국 정부 는 장제스 와 중국 국민당 에 의해 타이베이 시 로 옮겨 졌 다 . ( 국부 천대 ) 	장제스	타이베이 시	37
1961 년 : 가택 연금자 신분 으로 故 쑨원 前 중화민국 의 총통 의 36 주기 타이베이 시 추모제 에 참석 ( 장제스 당시 중화민국 의 총통 의 특별 배려 ) . 	장제스	타이베이 시	37
1987 년 : 가택 연금자 신분 으로 故 쑹쯔량 前 중화민국 외교 부 비서관 의 중화민국  타이베이 시 분향소 를 조문 ( 장징궈 당시 중화민국 의 총통 의 특별 배려 ) . 	장징궈	타이베이 시	37
1912 년 청조 멸망 후 에 는 장쭤린 이나 장쉐량 등 의 선양 군벌 의 거점 이 되 었 고 , 1923 년  선양 시 정부 가 설치 되 고 시정 이 시행 되 어 1929 년 장쉐량 에 의해 서 선양 시 라고 개칭 되 었 다 . 	장쭤린	선양 시	37
1912 년 청조 멸망 후 에 는 장쭤린 이나 장쉐량 등 의 선양 군벌 의 거점 이 되 었 고 , 1923 년 선양 시 정부 가 설치 되 고 시정 이 시행 되 어 1929 년 장쉐량 에 의해 서 선양 시 라고 개칭 되 었 다 . 	장쭤린	선양 시	37
1977 년 캘리포니아  샌프란시스코 의 시의원 으로 당선 된 하비 밀크 는 동성애 자 의 권리 조례 를 제정 하 는 등 동성애 자 의 권리 옹호 를 위해 노력 하 였 다 . 	하비 밀크	샌프란시스코	37
 조순 이 서울 시장 에 당선 되 자 1995 년 7 월 그 는 서울특별시 정무 부시장 에 발탁 되 었 다 . 	조순	서울특별시	37
* 세월 호 침몰 사고 의 유력 한 용의자 이 자 청해진해운 회장인 유병언 이 전라남도  순천시 서 면 학구리 에서 변사체 로 발견 되 었 다 . 	유병언	순천시	37
공의회 제 1 회기 가 열리 기 전 인 1952 년 10 월 4 일 요한 23 세 는 아시시의 프란치스코 의 축일 을 맞이 하 여 열차 를 타 고 아시시 와 로레토 를 방문 하 여 , 다가 올 공의회 의 성공 을 위해 기도 하 였 다 . 	아시시의 프란치스코	아시시	37
1925 년 4 월 17 일 김약수 , 김찬 ( 김낙준 ) , 조봉암 , 조동호 , 강달영 , 허정숙 , 정칠성  서울특별시 소공동 의 중식 식당 아서원 ( 雅敍園 ) 에서 비밀 리 에 조선공산당 의 창당 하 고 조직 에 창당 발기인 의 한 사람 으로 참여 하 였 다 . 	조봉암	서울특별시	37
근대 에 가고시마 시 는 메이 지 유신 때 중요 한 역할 을 한 사이고 다카모리 , 러일 전쟁 을 승리 로 이끈 일본 의 해군 제독 도고 헤이하치로 를 배출 했 다 . 	사이고 다카모리	가고시마 시	37
기후 ( 岐阜 ) 의 첫 번 째 문자 는 중국 고대 의 산 인 기산 ( 岐山 ) 에서 , 두 번 째 문자 는 공자 의 탄생지 인 취푸 시 ( 曲阜 ) 에서 따 온 것 이 다 . 	공자	취푸 시	37
또한 에도 막부 를 창설 한 도쿠가와 이에야스 가 현재 의 시즈오카 시 에 슨푸 성 ( 駿府城 ) 을 세우 고 , 여기 서 ' 오 고쇼 ' ( 大御所 ) 로서 만년 을 지냈 다 . 	도쿠가와 이에야스	시즈오카 시	37
대의원 들 은 밴 뷰런 이나 그 의 경쟁자 인 전 프랑스 주재 공사 미시간 주 의 루이스 캐스 에 동의 할 수 없 었 다 . 	루이스 캐스	미시간 주	37
민주당 은 미시간 주 의 상원 루이스 캐스 와 켄터키 주의 윌리엄 O . 	루이스 캐스	미시간 주	37
 시애틀 에서 기계 공업 일 을 배웠 는데 , 좋아하 는 일 이 라 잘 적응 했 고 1916 년  보잉 사 를 설립 하 였 다 . 	보잉	시애틀	37
멜키아데 가 교황 으로 선출 된 날 은 309 년 혹은 310 년 8 월 17 일 교황 에우세비오 가 시칠리아 로 유배 되 어 선종 한 후 이어진 1 ~ 2 년 동안 의 사도좌 공석 기간 말미 로 전해 진 다 . 	교황 에우세비오	시칠리아	37
생전 에 그 가 남긴 유일 한 글 은 누르시아의 베네딕토 를 포함 한 몬테카시노 수도원 의 베네딕도회 성인 들 이 행한 기적 들 을 나열 한 《 대화록 》 이 다 . 	누르시아의 베네딕토	몬테카시노	37
1889 년 제인 애덤스 가 시카고 의 빈곤 한 이민자 들 을 위해 공동 으로 헐 하우스 를 세우 는 등 사회 문제 가 대두 되 었 다 . 	제인 애덤스	시카고	37
독립 운동 사건 의 변호 를 전담 하 다시피 했 던 김병로 와 허헌 , 김용무 , 김태영 등 은 1923 년  서울특별시 인사동 에 형사 변호 공동 연구회 를 창설 하 였 는데 , 무료 변론 을 하 는 한편 일반 형사 사건 에서 수임료 를 받 아 활동 자금 으로 사용 하 였 다 . 	김병로	서울특별시	37
또한 김영삼 정부 가 출범 한 직후 인 1993 년 4 월 2 일  서울특별시 용산구 서빙고동 군인 아파트 에 익명 의 군인 에 의해 ' 하나회 ' 명단 이 살포 되 었 다 . 	김영삼	서울특별시	37
돌연 한 회군 에 고려 우왕 과 최영 은 평양특별시 에서 개성특급시 ( 松都 , 개성특급시 ) 로 급히 귀경 하 여 , 이성계 군 에 반격 하 였 다 . 	최영	개성특급시	37
유해 는 비행기 편 으로 귀국 , 1994 년 1 월 22 일 오전 국회 의사당 앞 광장 앞 에서 국회의원 이만섭 의 주도 로 영결식 과 노제 를 거행 한 뒤 , 경찰 병력 의 호송하 에 서울특별시 동작구 동작동 산 44 - 7 동작동 현충원 장군 제 3 묘역 에 묻혔 다 . 	이만섭	서울특별시	37
 송요찬 ( 宋堯讚 , 1918 년 2 월 13 일 ~ 1980 년 10 월 18 일 오후 9 시 ( 미국 시카고 현지 시간 ) ) 은 일제 강점기 의 군인 이 며 대한민국 의 군인 , 정치 가 이 다 . 	송요찬	시카고	37
1966 년 6 월 4 일 에 자신 의 거주지 대한민국  서울특별시 종로구 명륜동 에서 간장염 과 당뇨병 의 합병증 으로 인하 여 향년 68 세 로 급서 한 장면 은 청렴 하 고 깨끗 한 정치가 라는 평가 가 자자 했 다 그 의 본관 은 인동 장 씨 ( 仁同 ) 으로 아명 은 장지태 ( 張志兑 ) , 호 는 운석 ( 雲石 ) 이 다 . 	장면	서울특별시	37
독실 한 신앙인 이 었 던 장면 은 서울특별시 의 모던 보이 들 이 즐기 던 술 과 담배 를 일체 입 에 대 지 않 았 다 . 	장면	서울특별시	37
친척 관계 인 인연 으로 성일기 남매 는 서울특별시 수표동 에 있 던 장택상 의 집 에 놀 러 가 기 도 했 다 . 	장택상	서울특별시	37
 히로시마 시 의 반대 로 위령비 의 히로시마 평화기념공원 내 건립 이 어려워 지 자 이우 가 피폭 을 당한 후 발견 된 장소 였 던 히로시마 혼가 와 의 아이오 이 교 근처 에 세워 졌 다 . 	이우	히로시마 시	37
그리고 얼마 지나 지 않 아 프란츠 에케르트 는 오랫동안 고생 했 던 위암 으로 1916 년 8 월 8 일  서울특별시 에서 사망 하 였 다 . 	프란츠 에케르트	서울특별시	37
 요코스카 시 진수부 에 있 던 진수부 사령 장관 요나이 미쓰마사 , 참모장 이노우에 시게요시 는 도쿄 만 에 함대 를 집결 시켰 고 정부 는 계엄령 을 발동 했 다 . 	이노우에 시게요시	요코스카 시	37
3 월 23 일  서울특별시 정동제일교회 에서 영결식 을 마친 뒤 사당동 국립묘지 의 남편 이승만 의 묘소 옆 에 안장 됐 다 . 	이승만	서울특별시	37
 조슈아 에이브러햄 노턴 ( Joshua Abraham Norton , 1819 년 경 ~ 1880 년 1 월 8 일 ) 은 1859 년 에 스스로 ' 미국 의 황제 이자 멕시코 의 보호자 ' 라고 칭한 것 으로 유명 한 샌프란시스코 의 기인 이 다 . 	조슈아 에이브러햄 노턴	샌프란시스코	37
이 들 은 9 월 4 일  서울특별시 종로구 안국동 윤보선 의 자택인 안동장 에서 합당 에 합의 하 였 고 , 9 월 8 일 윤보선 의 집 인 안동장 에서 정식 창당 하 였 다 . 	윤보선	서울특별시	37
이 들 은 9 월 4 일  서울특별시 종로구 안국동 윤보선 의 자택인 안동장 에서 합당 에 합의 하 였 고 , 9 월 8 일  윤보선 의 집 인 안동장 에서 정식 창당 하 였 다 . 	윤보선	서울특별시	37
이 들 은 하나 의 단결 된 조직 을 만들 어야 한 다고 보 고 8 월 말 부터 협상 에 들어갔 으며 9 월 4 일  서울특별시 종로구 안국동 윤보선 의 자택인 안동장 에서 통합 에 합의 한 다 . 	윤보선	서울특별시	37
오 다 노부나가 가 혼노지 의 변 ( 本能寺 の 変 ) 으로 죽 자 주고쿠 지방 에서 대군 을 이끌 고 교토 시 로 돌아와 야마자키 전투 ( 山崎 の 戦 い ) 에서 역신 아케치 미쓰히데 ( 明智光秀 ) 를 격파 하 고 , 오 다 노부나가 를 대신 해 그 의 사업 을 계승 하 였 다 . 	아케치 미쓰히데	교토 시	37
2010 년 2 월 7 일 , 10 년 가까이 식물인간 으로 투병 해 오 며 서울특별시 강동구 의 한 한방 병원 에서 요양 중 이 었 던 임수혁 은 사망 이틀 전 감기 증세 로 강동 성심병원 으로 옮겨 졌 으나 , 심장 마비 로 끝내 의식 을 찾 지 못하 고 사망 했 다 . 	임수혁	서울특별시	37
1945 년 10 월 23 일 오후 2 시 부터 오후 4 시 까지 서울특별시 에 있 는 조선호텔 에서 이승만 은 안재홍 , 원세훈 등 각 정당 대표 등 200 명 을 모아 서 회합 을 개최 하 였 다 . 	이승만	서울특별시	37
또한 시애틀 은 세계 항공 우주 산업 의 핵심 보잉 을 비롯 해 마이크로소프트 , 아마존 , 스타벅스 등 세계 에 이름 을 알려 진 대 기업 의 탄생지 이 다 . 	보잉	시애틀	37
소석 이철승 은 1922 년 5 월 15 일 경성부 종로방 수표동 ( 현재 의 서울특별시 중구 수표동 ) 에서 이석규 ( 李錫圭 ) 의 2 남 5 녀 중 장남 으로 출생 하 였 고 본적지 인 전라북도 전주시 에서 성장 하 였 다 . 	이철승	서울특별시	37
1938 년 3 월 수양 동우회 사건 으로 구속 수감 후 갖은 고문 을 당한 안창호 가 간경화 및 고문 후유증 등 으로 별세 하 자 조만식 은 일제 의 감시 와 방해 속 에서 도 안창호 장례 위원회 위원장 이 되 어 윤치호 , 양주삼 , 장택상 등 과 함께 서울특별시 에 올라와 장례 를 집행 하 였 다 . 	장택상	서울특별시	37
김정렬 국방부 장관 은 서울특별시 로 돌아온 이후락 준장 을 데리 고 경무대 로 들어가 이승만 대통령 을 만났 다 . 	이후락	서울특별시	37
6 월 28 일 서울특별시 은 조선 인민군 에게 함락 당하 였 으나 장면 은 ' 미국 의 소리 ' ( Voice of America ) 방송 을 통해 유엔 결의 사항 등 을 본국 에 방송 하 였 다 . 	장면	서울특별시	37
충청 도 괴산 에서 출생 하 여 한성부 에서 성장 한 그 는 광복절 이후 이승만 의 비서 , 대한민국 국방부 , 서울특별시 시장 , 대한민국 의 국회 의장 직 을 역임 하 였 다 . 	이승만	서울특별시	37
이 무렵 부인 박마리아 와 의 사이 에 장남 이강석 ( 李康石 ) , 장녀 이강희 , 차남 이강욱 ( 李康旭 ) 자녀 들 이 있 었 는데 , 장녀 이강희 는 서울특별시 이화여자중학교 재학 중 병 으로 사망 했 기에 자녀 들 은 두 아들 만 남 았 다 . 	이강석	서울특별시	37
대한민국 의 제 2 대 서울특별시 장 겸 제 4 대 대통령 , 상공 부 장관 윤보선 의 숙부 이 지만 , 그 보다 나이 는 한 살 어리 다 . 	윤보선	서울특별시	37
1940 년 대 윤치영 은 여운형 과 함께 서울특별시 종로구 관철동 의 양식집 백합원 에 갔 다가 관 상가 를 만났 다 . 	여운형	서울특별시	37
1940 년 대 윤치영 은 여운형 과 함께 서울특별시 종로구 관철동 의 양식집 백합원 에 갔 다가 관 상가 를 만났 다 . 	윤치영	서울특별시	37
그러나 결혼 을 선택 , 1949 년 8 월 15 일 목사  함태영 ( 咸台永 ) 의 주례 로 서울특별시 안국동 윤보선 의 자택 에서 당시 서울 특별시장 이던 윤보선 과 결혼 했 다 . 	함태영	서울특별시	37
그러나 결혼 을 선택 , 1949 년 8 월 15 일 목사 함태영 ( 咸台永 ) 의 주례 로 서울특별시 안국동 윤보선 의 자택 에서 당시 서울 특별시장 이던 윤보선 과 결혼 했 다 . 	윤보선	서울특별시	37
그러나 결혼 을 선택 , 1949 년 8 월 15 일 목사 함태영 ( 咸台永 ) 의 주례 로 서울특별시 안국동  윤보선 의 자택 에서 당시 서울 특별시장 이던 윤보선 과 결혼 했 다 . 	윤보선	서울특별시	37
말년 의 실정 으로 나당 동맹 의 공격 을 받 음 으로써 초대 온조왕 으로 부터 이어진 백제 는 멸망 하 고 의자왕 을 비롯 한 왕족 들 과 수많 은 백성 들 이 뤄양 시 으로 끌려갔 다 . 	의자왕	뤄양 시	37
도산서원 은 퇴계 이황 선생 을 기리 기 위해 만든 경상북도  안동시 도산면 토계리 에 있 는 서원 이 다 . 	이황	안동시	37
경기도 광주시 에서 출생 한 광주광역시 에서 잠시 유년기 를 보낸 적 이 있 는 그녀 는 안성시 에서 제 16 대 국회의원 을 지낸 심규섭 의 부인 으로 , 남편 이 2002 년 1 월 에 돌연사 하 자 그 해 8 월 8 일 에 있 었 던 보궐 선거 에서 새천년민주당 의 후보 로 한나라당 의 3 선 거물 이해구 와 맞붙 어 패배 한 것 으로 정치 계 에 데뷔 했 고 , 2004 년 대한민국 17 대 총선 에서 탄핵 역풍 에 편승 해 이해구 에게 설욕 하 면서 원내 에 진입 한 다 . 	심규섭	안성시	37
고대 그리스 시대 시라쿠사 의 수학자  아르키메데스 는 도형 의 면적 이나 부피 를 구하 는데 오늘날 의 적분 과 유사 한 방법 을 사용 하 였 다 . 	아르키메데스	시라쿠사	37
금수산태양궁전 ( 錦繡山太陽宮殿 ) 은 조선민주주의인민공화국 의 수도 평양직할시 에 있 는 김일성 주석 과 김정일 국방 위원장 의 시신 이 안치 된 건물 이 다 . 	김정일	평양직할시	37
금수산태양궁전 ( 錦繡山太陽宮殿 ) 은 조선민주주의인민공화국 의 수도 평양직할시 에 있 는 김일성 주석 과 김정일 국방 위원장 의 시신 이 안치 된 건물 이 다 . 	김일성	평양직할시	37
667 년 에 덴지 천황 이 현재 의 오쓰 시 로 천도 하 여 오쓰쿄 ( ) 라고 한 것 을 비롯 해 오랜 역사 를 갖 는 고도 이 며 , 미이데라 ( ) 나 히요시타이샤 ( ) 등 의 신사 와 절 이 많 다 . 	덴지 천황	오쓰 시	37
12 세기 에 오쓰 시 남쪽 에서 아와즈 전투 가 벌어졌 고 미나모토노 요시나카 가 전사 했 다 . 	미나모토노 요시나카	오쓰 시	37
8 월 14 일  서울특별시 강북구 우이동 에 위치 한 몽양 여운형 의 묘소 를 찾 아 참배 하 였 다 . 	여운형	서울특별시	37
 박중양 이 소유 하 고 있 던 대구광역시 북구 침산동 산 16 - 1 임야 등 37 필지 총 8 만 2 , 082 m ₂ ( 총 2 만 4 , 829 . 805 평 ) 은 2007 년 8 월 13 일 부 로 국가 귀속 결정 처분 을 받 고 강제 압수 되 었 다 . 	박중양	대구광역시	37
 서울특별시 을 점령 하 고 수립 한 서울시 인민 위원회 는 조봉암 에게 귀순 을 권유 하 였 지만 이 를 거절 하 였 다 . 	조봉암	서울특별시	37
1958 년  서울특별시 신당동 에서 육군 제 1 군 사령부 참모장 인 박정희 소장 과 부인 육영수 의 장남 으로 태어났 다 . 	육영수	서울특별시	37
개선문 ( 凱旋門 ) 은 조선민주주의인민공화국  평양직할시 모란봉구 역 의 개선문 광장 에 김일성 의 독립 운동 업적 을 찬양 하 기 위해 지어 진 건축물 이 다 . 	김일성	평양직할시	37
의정부 전투 ( 議政府戰鬪 ) 는 1950 년 6 월 25 일 ~ 6 월 26 일 , 한국 전쟁 발발 당시 에 서울특별시 북쪽 17 km 의 경기도 양주군 의정부읍 정면 에서 유재흥 준장 이 지휘 하 는 제 7 사단 과 이형근 준장 이 지휘 하 는 제 2 사단 이 김웅 이 이끄는 북한군 제 1 군단 예하 의 2 개 사단 과 1 개 기갑 여단 으로 구성 된 공격 집단 의 침공 을 막 아 이 를 격멸 하 고자 한 방어전 이 다 . 	이형근	서울특별시	37
의정부 전투 ( 議政府戰鬪 ) 는 1950 년 6 월 25 일 ~ 6 월 26 일 , 한국 전쟁 발발 당시 에 서울특별시 북쪽 17 km 의 경기도 양주군 의정부읍 정면 에서 유재흥 준장 이 지휘 하 는 제 7 사단 과 이형근 준장 이 지휘 하 는 제 2 사단 이 김웅 이 이끄는 북한군 제 1 군단 예하 의 2 개 사단 과 1 개 기갑 여단 으로 구성 된 공격 집단 의 침공 을 막 아 이 를 격멸 하 고자 한 방어전 이 다 . 	유재흥	서울특별시	37
아리랑 축제 는 평양직할시 의 릉라도 5 월 1 일 경기장 에서 4 월 15 일  김일성 의 생일 을 축하 해 주 기 위한 축제 이 다 . 	김일성	평양직할시	37
그러 던 중 7 월 19 일  서울특별시 혜화동 로터리 에서 좌우 합작 위원회 좌측 대표 여운형 이 백의사 단원 한지근 외 4 명 등 이 쏜 권총 에 맞 고 피습 절명 하 자 , 김규식 은 여운형 의 죽음 에 매우 크 게 충격 받 았 다 . 	여운형	서울특별시	37
1650 년 ( 순치 7 년 ) 12 월 8 일 , 도르곤 은 청더 시 ( 중국명 열하 ( 熱河 ) ) 으로 호소이 친왕 , 도로이 기윤왕 , 패륵 , 구사이 버이서 등 을 이끌 고 사냥 을 나갔 다 . 	도르곤	청더 시	37
1955 년 대한민국  서울특별시 에서 이승만 대통령 암살 미수 사건 이 발생 했 다 . 	이승만	서울특별시	37
1924 년 경기도 이천시 출생 으로 이정재 , 유지광 과 더불 어 이천시 3 인 방 이 었 던 곽영주 는 서울과학기술대학교 ( 지금 의 서울과학기술대학교 ) 를 졸업 했 다 . 	유지광	이천시	37
1924 년 경기도  이천시 출생 으로 이정재 , 유지광 과 더불 어 이천시 3 인 방 이 었 던 곽영주 는 서울과학기술대학교 ( 지금 의 서울과학기술대학교 ) 를 졸업 했 다 . 	유지광	이천시	37
 유진산 이 작고 할 때 서울특별시 상도동 에 집 한 채 밖에 없 었 다 . 	유진산	서울특별시	37
1965 년  이인 은 안재홍 사망 소식 을 접하 고 , 서울특별시 정의여고 강당 에서 그 의 장례식 을 집행 , 주관 하 였 다 . 	이인	서울특별시	37
왕망 ( 王莽 ) 말년 에 각지 에서 반란 이 일어났 는데 , 한실 ( 漢室 ) 의 혈통 을 이은 남양 ( 南陽 ： 허난성 남부 ) 의 호족 유수 ( 劉秀 ) 는 , 남양 과 하북 의 호족 들 의 지지 를 받 아 , 적미 ( 赤眉 ) 등 의 농민 반란군 이나 다른 호족군 을 진압 하 고 25 년 뤄양 시 에 도읍 을 정하 여 제위 에 올라 , 후한 광무제 ( 光武帝 ) , 한제국 ( 漢帝國 ) 의 부활 을 선언 했 다 . 	후한 광무제	뤄양 시	37
하지만 교회 에 대한 환영 은 잠시 동안 이 었 고 , 바오로 미키 를 위시 한 26 명 의 순교자 가 나가사키 시 에서 발생 하 는 등 탄압 의 길 을 걷 게 되 었 다 . 	바오로 미키	나가사키 시	37
그 의 목격 에 의하 면 ' 권태양 은 김규식 을 서울 을 점령 한 공산주의자 들 에게 인도 했 다 . ' 강원용 의 증언 에 의하 면 한국 전쟁 당시 공산당 치하 의 서울특별시 에서 권태양 이 박소붕 이 라는 사람 에게 ' 당신 지금 내 가 누군 지 알 고 이러 는 거 야 ? 	강원용	서울특별시	37
하지만 후위 를 맡 은 이케다 가쓰마사 , 아케치 미쓰히데 , 기노시타 히데요시 , 도쿠가와 이에야스 의 분전 으로 무사히 교토 시 로 귀환 하 는 데 성공 한 다 . 	아케치 미쓰히데	교토 시	37
 최용신 ( 崔容信 , 1909 년 8 월 12 일 ~ 1935 년 1 월 23 일 ) 은 일제 강점기 의 감리교 전도사 이 자 교육자 이 며 경기도 화성군 샘골 ( 현재 경기도  안산시 본오동 ) 에서 봉사 한 농촌 운동가 이 다 . 	최용신	안산시	37
반구정 ( 伴鷗亭 ) 은 경기도  파주시 에 있 는 정자 로 , 황희 가 짓 게 했 다 . 	황희	파주시	37
 황희 가 노년 에 관직 에서 물러나 파주시 로 와 서 임진강 이 한눈 에 굽어보이 는 강변 솔밭 동산 에 이 정자 를 짓 고 갈매기 가 나 는 모습 을 관조 하 며 시문 을 즐겼 다 . 	황희	파주시	37
원래 2007 년 9 월 에 최초 비행 을 거쳐 2008 년 5 월 에 운항 을 시작 할 예정 이 었 으나 , 최초 비행 은 2009 년 12 월 15 일  시애틀 근교 보잉 공장 과 인접 한 페인필드 공항 에서 시행 하 였 으며 2011 년 초 , 전 일본 공수 에 인도 되 었 다 . 	보잉	시애틀	37
최고인민회의 는 그 의 사후 업적 을 기리 기 위하 여 도시 , 공업 지구 , 학교 등 에 그 의 이름 을 붙였 는데 , 김책 의 고향 인 성진 을 개명 한 김책시 , 청진제철소 를 개명 한 김책제철소 와 평양직할시 의 김책공업종합대학 등 시설물 에 그 의 이름 을 명명 한 것 이 다 . 	김책	평양직할시	37
최용건 은 1 월 5 일 의 회의 가 끝나 자 조만식 을 연행 , 평양직할시 중구역 동흥동 의 평양 고려호텔 에 감금 하 였 다 . 	조만식	평양직할시	37
 최용건 은 1 월 5 일 의 회의 가 끝나 자 조만식 을 연행 , 평양직할시 중구역 동흥동 의 평양 고려호텔 에 감금 하 였 다 . 	최용건	평양직할시	37
만철 滿鐵 수석 이사 다나카 세이지로 ( 田中淸次郞 ) 는 이토 히로부미 를 수행 하 다가 하얼빈 시 역 에서 안중근 의사 에게 왼쪽 다리 에 관통상 을 입 었 던 인물 이 다 . 	이토 히로부미	하얼빈 시	37
대한제국 1 대 황제 대한제국 고종 은 생전 고영희 에게 명 하 여 명나라 의 명 13 릉 을 본따 서 경기도 금곡 에 왕릉 을 조성 하 였 는데 , 윤덕영 은 고종 이 승하 하 였 을 때 비용 이 너무 많이 든 다는 이유 로 서울특별시 동대문구 청량리 에 위치 하 여 있 는 명성황후 의 홍유릉 에 합장 해 야 한 다고 주장 하 였 다 . 	명성황후	서울특별시	37
오 다 노부나가 의 주고쿠 방면 책임자 하시바 히데요시 가 미키 성 ( 三木城 ) , 돗토리 성 ( 鳥取城 ) , 다카마쓰 성 ( 高松城 ) 을 차례차례 공략 하 여 모리 가문 을 압박 하 지만 ( 주고쿠 정벌 ) , 1582 년 혼노지 의 변 으로 오다 노부나가 가 절명 하 자 하시바 히데요시 는 모리 가문 과 재빨리 화친 을 하 고 급히 회군 하 여 , 교토 시 인근 야마자키 에서 아케치 미쓰히데 ( 明智光秀 ) 를 격파 하 였 다 ( 야마자키 전투 ( 山崎 の 戦 い ) ) . 	아케치 미쓰히데	교토 시	37
2 개월 간 일본군 사령부 에 감금 된 끝 에 최익현 과 임병찬 은 그해 8 월 하순 일본 의 쓰시마 섬 엄원 ( 嚴原 ) 위수영 ( 衛戍營 ) 으로 압송 되 어 감금 되 었 다 . 	최익현	쓰시마 섬	37
 김담 은 지금 의 경상북도  영주시 에서 영유현령 으로 사후 병조 판서 에 추증 된 김소량 의 3 형제 의 중 둘째 아들 로 태어났 다 . 	김담	영주시	37
 부산광역시 에 는 그 의 업적 을 기리 는 박물관 ( 우장춘 기념관 ) 이 있 다 . 	우장춘	부산광역시	37
유비 가 광한 시 ( 雒城 ) 을 포위 한 지 근 1 년 이 되 었 을 때 , 방통 이 유시 ( 어지러이 날아오 는 화살 ) 를 맞 고 죽 었 다 . 	방통	광한 시	37
후일 유비 ( 劉左將軍 ) 이 익주 ( 益州 ) 땅 을 차지 하 는 데 일등 공신 의 역할 을 하 였 으나 , 소설 『 삼국지연의 』 에서 는 방통 이 제갈량 ( 孔明 ) 에 대한 열등감 과 ( 유비군 에 임관 한 지 얼마 안 되 는 신참 ( 新參 ) 으로서 ) 하루 빨리 공 적 ( 功績 ) 을 조금 이 라도 더 세워 보이 겠 다는 조급 한 마음 에 당시 관우 ( 關雲長 ) 과 더불 어 형주 ( 荊主 ) 를 수비 하 고 있 던 제갈량 이 서신 을 통해 천문 ( 天文 ) 과 관련 하 여 무언 가 불길 ( 不 吉 ) 한 징조 가 있 음 을 알려 왔 음 에 도 불구 하 고 , 급히 군마 ( 軍馬 ) 를 양 갈래 ( 큰길 : 유비 · 황충 , 작 은 길 : 방통 · 위연 ) 로 나누 어 광한 시 ( 雒城 ) 으로 진격 하 던 도중 서천 장수 장임 ( 張任 ) 의 매복 계 에 걸려 그만 무수 한 화살 을 맞 고 고슴 도치 꼴 이 되 어 낙봉파 ( 落鳳坡 ) 에서 전사 하 였 다고 한 다 . 	방통	광한 시	37
소설 《 삼국지통속연 의 ( 三國志通俗演義 ) 》 상 에서 는 대체로 건안 19 년 ( 214 년 ) 에 죽 은 것 으로 묘사 되 는데 ( 예외 적 으로 사마광 ( 司馬光 ) 著 《 자치 통감 ( 資治通鑑 ) 》 에서 는 유비군 이 광한 시 ( 雒城 ) 을 포위 한 지 근 1 년 이 다 되 가 는 상황 에서 방통 ( 龐統 ) 이 유시 ( 流矢 ) 에 맞 고 전사 한 것 이 건안 19 년 ( 214 년 ) 의 일 이 라고 서술 하 고 있 다 ) 유의경 ( 劉義慶 ) 著 『 세설신어 』 언어 편 유효 표주 ( 劉孝標注 ) 에 는 방통 의 향년 ( 享年 ) 이 36 세 가 아니 라 38 세 라고 나와 있 다 . 	방통	광한 시	37
전쟁 이 끝난 후 서울특별시 로 돌아간 현인 은 박시춘 의 은방울 쇼단 에 합류 하 면서 다시 큰 인기 를 모았 다 . 	박시춘	서울특별시	37
전쟁 이 끝난 후 서울특별시 로 돌아간 현인 은 박시춘 의 은방울 쇼단 에 합류 하 면서 다시 큰 인기 를 모았 다 . 	현인	서울특별시	37
현대그룹 정주영 회장 의 장남 인 정몽필 현대제철 회장 이 타 던 차 였 으며 , 1982 년 에 울산 에서 서울 로 상경 하 기 위해 경부고속도로 를 달리 던 도중 , 김천시 에서 12 톤 트레일러 를 추월 하 려고 하 다가 옆구리 를 들이받 아 8 m 정도 끌려갔 다가 엔진 에서 화재 가 발생 하 여 운전기사 와 정몽필 회장 모두 숨졌 고 , 차량 은 완전 전소 되 었 다 . ( 당시 차량 번호 는 서울 1 사 2600 . ) 	정몽필	김천시	37
가우가멜라 전투 는 기원 전 331 년 마케도니아 왕국 의 알렉산드로스 대왕 이 페르시아 제국 아케메네스 왕조 의 다리우스 3세 를 물리친 전투 이 다 . 	다리우스 3세	페르시아 제국	37
이소스 전투 ( Battle of Issus ) 는 기원 전 333 년 남부 아나톨리아 의 이소스 평원 에서 벌어진 전투 로 마케도니아 왕국 의 알렉산드로스 대왕 이 페르시아 제국 으로 침입 해 약 4 : 1 의 수 적 열세 에 도 불구 하 고 아케메네스 왕조 의 다리우스 3세 를 물리친 전투 이 다 . 	다리우스 3세	페르시아 제국	37
 페르시아 제국 의 황제 다리우스 3세 는 페르시아 내부 에서부터 군대 를 끌 어 모아 반격 을 준비 하 였 고 이 소식 을 들 은 알렉산드로스 는 파르메니온 을 먼저 보내 이 소스 를 지키 게 하 였 다 . 	다리우스 3세	페르시아 제국	37
 다리우스 3세 ( 기원 전 380 년 ~ 기원 전 330 년 , 페르시아어 داریوش '다리우슈 ' ) 는 페르시아 제국 의 아케메네스 왕조 의 마지막 왕 으로 기원 전 336 년 부터 기원 전 330 년 까지 재위 했 다 . 	다리우스 3세	페르시아 제국	37
시시감비스 ( Sisygambis ) 는 페르시아 제국 의 아케메네스 왕조 의 마지막 왕 다리우스 3세 의 어머니 이 다 . 	다리우스 3세	페르시아 제국	37
전승 에 의하 면 , 성령 강림 이후 유다 타대오 는 시몬 과 함께 시리아 와 메소포타미아 에서 복음 을 전파 하 였 고 , 페르시아 제국 지역 으로 가 서 포교 활동 을 벌였 는데 , 예수 에 대해 설교 한 뒤 그 곳 의 신상 을 파괴 하 였 다 . 	유다 타대오	페르시아 제국	37
마케도니아 왕국 의 필리포스 5 세 는 한니발 과 의 약속 을 지키 지 못하 고 로마 의 군단 과 그리스 의 다른 국가 들 의 방해 로 한니발 과 호응 해 서 이탈리아 로 오 지 못했 으며 시칠리아 의 시라쿠사 에서 는 아르키메데스 의 신 무기 로 로마군 은 고전 했 지만 기원 전 211 년 클라우디우스 마르켈루스 가 이끄는 로마 군 은 1 년 여 에 걸친 공성전 을 끝내 고 시라쿠사 를 함락 했 다 . 	아르키메데스	시라쿠사	37
결국 능환 이 처형 되 고 양검 과 용검 도 진주시 로 귀양 을 간 뒤 살해 됐 다 . 	용검	진주시	37
결국 능환 이 처형 되 고 양검 과 용검 도 진주시 로 귀양 을 간 뒤 살해 됐 다 . 	양검	진주시	37
 루치아 의 순교 에 관한 전설 에 따르 면 , 시칠리아 의 시라쿠사 에서 태어난 젊 은 귀족 처녀 인 루치아 는 어릴 적 부터 신심 이 깊 었 던 부모 의 영향 을 받 아 그녀 역시 기독교 에 귀의 하 였 다고 한 다 . 	루치아	시라쿠사	37
루치아 의 순교 에 관한 전설 에 따르 면 , 시칠리아 의 시라쿠사 에서 태어난 젊 은 귀족 처녀 인 루치아 는 어릴 적 부터 신심 이 깊 었 던 부모 의 영향 을 받 아 그녀 역시 기독교 에 귀의 하 였 다고 한 다 . 	루치아	시라쿠사	37
김수환 은 가톨릭대학교 학생 시절 넷째 형 김동한 이 사목 하 던 부산광역시 범일 성당 을 방문 , 성당 부설 보육원 에서 일 하 며 가끔 사제관 잡일 을 돕 던 여인 으로부터 청혼 을 받 았 다 . 	김동한	부산광역시	37
 평양직할시 락랑 구역 에서 시작 하 여 사리원시 를 가로질러 개성특급시 의 판문점 서쪽 3 . 5 ㎞ 지점 에 까지 이르 는 고속도 로 이 며 , 1987 년 12 월 착공 하 여 김일성 ( 金日成 ) 의 80 회 생일 인 1992 년 4 월 15 일 에 맞춰 완공 된 고속도로 다 . 	김일성	평양직할시	37
로부르 시에나 ( Robur Siena S . S . D . ) 는 과거 AC 시에나 ( Associazione Calcio Siena SpA ) 라고 불리 던 시에나 에 있 는 아르테미오 프란키 경기장 을 연고 로 하 는 이탈리아 의 축구 클럽 이 다 . 	아르테미오 프란키	시에나	37
첨성대 ( 瞻星臺 ) 는 경주시 반월성 동북쪽 에 위치 한 신라 중기 의 석조 건축물 로 , 선덕여왕 때 에 세워 진 , 현존 하 는 동양 에서 가장 오래 된 천문대 로 알려 져 있 다 . 	선덕여왕	경주시	37
포로 로 잡힌 페르시아 제국 다리우스 3세 의 어머니 시시감비스 가 그 를 대왕 으로 착각 하 고 무릎 을 꿇 자 , “ 괜찮 소 ! 	다리우스 3세	페르시아 제국	37
 한희순 은 대한제국 고종 26 년 인 1889 년 한성부 ( 지금 의 서울특별시 ) 에서 출생 하 여 , 13 세 때 인 1901 년 에 조선 궁녀 로 입궐 하 여 덕수궁 주방 의 궁녀 이 되 었 다 . 	한희순	서울특별시	37
이전 수십 년 간 원정 을 수행 하 면서 알렉산드로스 는 다리우스 3세 를 무찌르 고 페르시아 제국 전체 를 정복 했 다 . 	다리우스 3세	페르시아 제국	37
1900 년  대구광역시 에서 아버지 이병학 의 11 남 8 녀 중 장남 으로 태어났 다 . 	이병학	대구광역시	37
공부 ( ) 는 중화인민공화국 산둥 성  취푸 시 중심부 에 위치 한 공자 의 직계 자손 과 그 가족 이 살 았 던 저택 을 말 한 다 . 	공자	취푸 시	37
강원도  강릉시 교동 에 는 홍국영 이 묻혔 다고 전해 지 는 묘소 가 있 었 다고 한 다 . 	홍국영	강릉시	37
위스콘신 대학교 를 졸업 하 고 시카고 에서 1888 년 부터 1894 년 까지 아드라 루이스 설리번 사무소 에 근무 하 였 는데 1893 년 시카고 만국 박람회 의 건축 에서 동사무소 의 치프 디자이너 로서 참가 하 게 되 었 다 . 	루이스 설리번	시카고	37
1934 년 에 기타니 미노루 가 중국 을 방문 한 후 에 일본 으로 돌아가 는 길 에 서울특별시 에 들렀 을 때 조남철 의 소문 을 듣 고 , 지도 바둑 을 둔 바 있 었 다 . 	조남철	서울특별시	37
 안달루시아 지방 세비야 주 카마스 ( 세비야 주 ) 출신 으로 , 라모스 는 인근 구단 세비야 FC 에서 축구 에 입문 해 , 헤수스 나바스 와 안토니오 푸에르타 와 함께 구단 의 유소년 아카데미 를 졸업 했 다 . 	안토니오 푸에르타	안달루시아 지방	37
 비토리오 미엘레 ( Vittorio Miele , 1926 년 11 월 24 일  카시노 ~ 1999 년 11 월 18 일 카시노 ) 는 이탈리아 의 화가 이 다 . 	비토리오 미엘레	카시노	37
* 8 월 1 일 : 후시미 성 이 완성 되 어 도요토미 히데요시 가 입성 . 	도요토미 히데요시	후시미 성	37
 페르시아 제국 의 다리우스 3세 가 알렉산드로스 대왕 에게 패하 고 살해 된 후 그 의 가해자 였 던 박트리아 의 총독 베수스 는 민족 적 저항 을 조직 하 려고 하 였 다 . 	다리우스 3세	페르시아 제국	37
장징궈 는 장제스 와 그 의 첫 번 째 부인 인 마오푸메이 ( 毛福梅 ) 의 아들 로 저장 성 ( 浙江省 ) 펑화 시 ( 奉化縣 ) 에서 태어났 다 . 	마오푸메이	펑화 시	37
한편 바티칸 시국 과 중화인민공화국 의 수교 문제 가 거론 된 적 이 있 는데 , 중화인민공화국 은 교황 요한 바오로 2세 의 서거 직후 인 지난 2005 년 4 월 5 일 친강 ( 秦剛 ) 외교 부 대변인 을 통해 ' 바티칸 이 대만 ( 중화민국 ) 과 단교 하 고 종교 를 내세워 중국 ( 중화인민공화국 ) 의 내부 문제 에 개입 하 지 않 는다면 언제 든지 바티칸 시국 과 수교 할 준비 가 되 어 있 다 ' 고 하 여 중화민국 과 의 관계 단절 을 직접 적 으로 요구 하 였 다 . 	교황 요한 바오로 2세	바티칸 시국	37
 이낙훈 ( 李樂薰 , 1936 년 3 월 27 일 , 서울특별시 ~ 1998 년 10 월 7 일 ) 은 대한민국 의 영화배우 겸 탤런트 , 국회의원 이 다 . 	이낙훈	서울특별시	37
 카롤루스 마르텔루스 ( , , , , , 680 년 8 월 23 일 – 741 년 10 월 22 일 ) 은 카롤링거 왕조 출신 프랑크 왕국 의 군주 이 자 정치 , 군사 지도자 로 , 718 년 이후 프랑크 왕국 의 동쪽 지방 인 아우스트라시아 의 궁재 로 사실 상 아우스트라시아 , 네우스트리아 , 부르군트 3 개 로 나뉜 프랑크 왕국 전체 를 지배 했 으며 프랑크 공작 이자 프린스 의 호칭 을 획득 하 였 다 . 	카롤루스 마르텔루스	아우스트라시아	37
710 년 겐메이 천황 ( 元明天皇 ) 의 헤이조쿄 ( 平城京 , 현재 나라 현 의 나라 시 ) 천도 로 야마토 시대 는 끝나 고 나라 시대 로 넘어간 다 . 	겐메이 천황	나라 시	37
반면 중국 국민당 의 장제스 는 타이베이 시 로 중화민국 정부 를 이전 하 면서 분단 국가 됨 . 	장제스	타이베이 시	37
김대중 전 대통령 의 자택 이 서울특별시 마포구 동교동 에 위치 한 것 에서 유래 했 으며 , 김영삼 전 대통령 을 따르 던 상도동 계 와 함께 한국 의 정치 계파 를 설명 할 때 많이 쓰인 다 . 	김영삼	서울특별시	37
1862 년 7 월 25 일  이하전 은 국문 후 전라도 제주도  제주시 ( 濟州牧 ) 에 유배 된 뒤 , 바로 위리 안치 형 을 받 았 다 . 	이하전	제주시	37
 김장생 ( 金長生 ) 을 거쳐 송시열 ( 宋時烈 ) 에 이르 러서 는 논산시 ( 連山 ) ( 현재 의 논산시 ) 과 회덕 ( 懷德 ) ( 현재 의 대전광역시 ) 등 충청도 를 중심 으로 하 여 기호학파 는 정계 · 학 계 의 주도 권 을 차지 하 였 다 . 	김장생	논산시	37
기원 전 300 년 트라키아 의 리시마코스 와 동맹 을 맺 고 딸 아르시노 에 2 세 와 결혼 시키 고 의붓딸 인 테옥세나 를 시라쿠사 의 참주 아가토클레스 에게 시집보냈 으며 , 기원 전 296 년 경 에 는 오랜 라이벌 드미트리우스 1 세 와 딸 프톨레마이스 와 약혼 시켰 다 . 	아가토클레스	시라쿠사	37
이 영화 의 감독 김동원 은 친구 의 부탁 으로 김석형 과 조창손 을 서울특별시 관악구 봉천동 의 거주지 로 안내 한 것 이 계기 가 되 어 《 송환 》 을 찍 게 되 었 다 . 	김동원	서울특별시	37
그 후 , 오 다 노부나가 의 아즈치 성 , 도요토미 히데요시 의 오사카 성 , 후시미 성 등 에서 볼 수 있 는 천수대 , 마스가타 와 우마다시 가 딸린 성문 등 , 일반 적 인 일본 의 성 의 형식 이 완성 되 었 다 . 	도요토미 히데요시	후시미 성	37
그 는 서울특별시 에서 출생 하 였 고 백범 김구 의 손자 이 며 대한민국 공군 참모 총장 과 대한민국 교통부 을 지낸 김신 의 장남 이 고 , 외교관 김 양 의 형 이 다 . 	김신	서울특별시	37
공방 전중 음력 6 월 2 일 교토 시 혼노지 에서 오 다 가문 의 가신 아케치 미쓰히데 ( 明智光秀 ) 의 모반 에 의해 오다 노부나가 는 그곳 에서 자결 하 였 다 . 	아케치 미쓰히데	교토 시	37
내려오 는 어느 설 에 따르 면 아르키메데스 가 로마 의 함대 를 침략 하 고 시라쿠사 로부터 그 들 을 쫓아내 기 위해 잘 닦 은 방패 를 사용 하 여 햇빛 을 집결 시켰 다고 한 다 . 	아르키메데스	시라쿠사	37
세이난 전쟁 ( ) 은 1877 년 ( 메이지 10 년 ) 에 현재 의 구마모토 현 · 미야자키 현 · 오이타 현 · 가고시마 현 에서 사이고 다카모리 가 맹주 로서 주도 하 여 일으킨 사쓰마 번 사무라이 의 무력 반란 이 다 . 	사이고 다카모리	가고시마 현	37
그 결과 서울특별시 동작구 사당동 일대 를 국군 묘지 후보지 로 선정 하 여 당시 대한민국 의 대통령 이 었 던 이승만 의 재가 를 받 았 다 . 	이승만	서울특별시	37
일제 강점기 에 는 중화민국 에 거주 하 다가 광복절 이후 고국 에 귀국 하 여 1969 년 4 월 12 일 에 대한민국  서울특별시 에서 노환 으로 병사 한 그 는 1939 년 대한민국 임시 정부 에 입각 하 여 대한민국 임시 정부 국무 위원 , 외교 위원 등 의 직위 활동 을 하 였 고 , 1945 년 5 월  이승만 의 소련 비난 을 문제 삼 아 대한민국 임시 정부 직 해임 을 주장 하 였 으나 실패 했 다 . 	이승만	서울특별시	37
1960 년 에 3 · 15 부정 선거 에 항의 하 는 시위 가 일어났 을 때 대검 차장 으로 재직 중 이 었 으며 , 김주열 의 시신 이 발견 된 마산시 에서 일어난 시위 에 대한 수사 를 맡 았 다 . 	김주열	마산시	37
대학 2 학년 에 재학 중 김영삼 은 서울특별시 명동 시공관 에서 있 은 정부 수립 기념 웅변대회 에 참가 하 여 2 등 을 차지 , 외무부 장관 상 을 수상 했 다 . 	김영삼	서울특별시	37
이후 사태 가 일단락 되 는 모습 을 보였 으나 , 심온 이 명나라 에 가 있 는 동안 , 당시 좌의정 박 은 등 의 무고 로 인해 , 심정 이 처형 당하 고 , 명나라 에서 돌아온 심온 도 의주 부 ( 義州府 ) 에서 체포 되 어 , 한양 의금부 에서 심문 을 받 은 뒤 음력 12 월 25 일  수원시 ( 水原 ) 에서 사사 되 었 다 . 	심온	수원시	37
1946 년 4 월 9 일 경기도 서울시 ( 현 서울특별시 ) 종로 YMCA 강당 에서 고문 신익희 , 회장 유진산 , 명예 회장 이승만 , 김구 , 김규식 , 감찰부장 김두한 으로 선출 하 고 정식 결성 하 여 활동 하 였 다 . 	유진산	서울특별시	37
1946 년 4 월 9 일 경기도 서울시 ( 현 서울특별시 ) 종로 YMCA 강당 에서 고문 신익희 , 회장 유진산 , 명예 회장 이승만 , 김구 , 김규식 , 감찰부장 김두한 으로 선출 하 고 정식 결성 하 여 활동 하 였 다 . 	이승만	서울특별시	37
산 프란체스코 대 성당 ( ) 은 프란치스코회 로 불리 는 작 은 형제회 의 모교회 로 , 아시시의 프란치스코 의 출생지 인 이탈리아 중부 아시시 에 있 는 로마 가톨릭 바실리카 이 다 . 	아시시의 프란치스코	아시시	37
 해럴드 워싱턴 시카고 시장 1983 - 1987 	해럴드 워싱턴	시카고	37
상도 ( 上都 ) 는 중국 의 옛 지명 이 며 , 1250 년 대 후반 부터 몽골 제국 과 원나라 의 수도 였 고 , 1279 년 에 남송 을 멸망 시킨 쿠빌라이 칸 이 같 은 해 에 대 도 ( 大都 ) 베이징 시 으로 천도 한 이후 에 는 여름 수도 역할 을 했 다 . < br > 제너두 ( Xanadu ) 또는 개평부 ( 開平府 ) 라고 도 하 는데 , 현재 중화인민공화국 내몽골 자치구 의 시린궈 러 맹 내 의 행정 구역 상 으로 정란 기 에 속한 다 . 	쿠빌라이 칸	베이징 시	37
1598 년 8 월 18 일  후시미 성 ( 伏見城 ) 에서 도요토미 히데요시 가 사망 하 였 고 직후 에 고 부교 ( 奉行 ) 과 고다이로 ( 大老 ) 는 일본군 의 철병 을 결정 하 였 다 . 	도요토미 히데요시	후시미 성	37
유채영 의 동갑내기 친구 인 김창렬 은 유채영 의 사망 소식 을 듣 고 는 생 방송 도중 대성통곡 을 하 기 도 하 였 으며 , 개그맨 김경식 , 가수 김장훈 , 김창렬 을 비롯 한 동료 들 이 참석 한 가운데 26 일 오전 7 시 40 분 서울특별시 서대문구 신촌 연세대학교 의료원 장례식장 에서 고인 의 발인식 이 엄수 되 었 으며 , 인천 화장터 에서 화장 된 후 , 오후 1 시 께 경기도 파주시 에 위치 한 서현 추모 공원 에 안치 되 었 다 . 	유채영	서울특별시	37
 유채영 의 동갑내기 친구 인 김창렬 은 유채영 의 사망 소식 을 듣 고 는 생 방송 도중 대성통곡 을 하 기 도 하 였 으며 , 개그맨 김경식 , 가수 김장훈 , 김창렬 을 비롯 한 동료 들 이 참석 한 가운데 26 일 오전 7 시 40 분 서울특별시 서대문구 신촌 연세대학교 의료원 장례식장 에서 고인 의 발인식 이 엄수 되 었 으며 , 인천 화장터 에서 화장 된 후 , 오후 1 시 께 경기도 파주시 에 위치 한 서현 추모 공원 에 안치 되 었 다 . 	유채영	서울특별시	37
시황제 ( 始皇帝 ) 가 사거 ( 死去 ) 하 고 승상 이사 ( 李斯 ) 와 중거부령 인 환관 조고 ( 趙高 ) 는 이 를 진 이세황 제 와 함께 조작 하 였 고 , 시황 제 의 운구 가 수도 셴양 시 ( 咸陽 ) 으로 돌아간 후 에 조작 한 유서 를 증거 삼 아 영호해 가 제위 에 올랐 다 . 	이사	셴양 시	37
 교황 인노첸시오 4세 가 시칠리아 왕국 를 상대 로 전쟁 을 벌이 려 할 때 , 헨리 3 세 는 그 와 중요 한 협약 을 맺 었 다 . 	교황 인노첸시오 4세	시칠리아 왕국	37
 윤임 은 귀양 가 던 길 에 충청북 도  충주시 에서 사사 당했 다 . 	윤임	충주시	37
 남종삼 요한 은 1968 년 10 월 6 일 에 로마 성 베드로 대 성당 에서 교황 바오로 6 세 가 집전 한 24 위 시복 을 통해 복자 품 에 올랐 고 , 1984 년 5 월 6 일 에 서울특별시 여의도 에서 한국 천주교 창립 200 주년 을 기념 하 여 방한 한 교황 요한 바오로 2 세 가 집전 한 미사 중 에 이뤄진 103 위 시성 을 통해 성인 품 에 올랐 다 . 	남종삼	서울특별시	37
왜인 들 이 절부 로 칭찬 하 고 , 일본 에 끌려갔 는데 도요토미 히데요시 은 이양녀 를 후시미 성 에 살 게 하 고 , 일본인 부녀 들 의 스승 으로 삼 아 풍기 를 지도 하 게 했 다 . 	도요토미 히데요시	후시미 성	37
1809 년 루이 필리프 는 양시칠리아 왕국 의 공주 이 고 페르디난도 1세 의 딸 인 나폴리 와 시칠리아 의 마리아 아말리아 ( 1782 년 - 1866 년 ) 과 결혼 을 한 다 . 	페르디난도 1세	양시칠리아 왕국	37
11 월 에 서울특별시청 은 1394 년 에 서울특별시 을 수도 로 정한 후 600 년 이 되 는 해 를 기념 하 기 위해 서 400 년 뒤 인 2394 년 에 개봉 하 기 로 하 고 남산 ' 한옥 마을 ' 에 타임캡슐 을 묻 었 는데 , 서울 시민  최진실 의 인터뷰 도 이 타임캡슐 에 담겼 다 . 	최진실	서울특별시	37
 양정모 는 1953 년 1 월 22 일 에 부산광역시 에서 태어났 다 . 	양정모	부산광역시	37
' 술 이 라 하 면 수주 ( 변영로 ) 를 뛰어넘 을 자 가 없 고 담배 라 하 면 공초 ( 오상순 ) 를 뛰어넘 을 자 가 없 다 . ' 라는 유행어 가 한때 1950 년대 중반 에 서울특별시 항간 에서 난무 했 는데 이 는 당시 시 수주 변영로 ( 樹州 卞榮魯 ) 가 알아주 는 애주가 였 고 시 공초 오상순 ( 空超 吳相淳 ) 이 알아주 는 애연가 였 다는 것 을 알 수 있 다 . 	오상순	서울특별시	37
' 술 이 라 하 면 수주 ( 변영로 ) 를 뛰어넘 을 자 가 없 고 담배 라 하 면 공초 ( 오상순 ) 를 뛰어넘 을 자 가 없 다 . ' 라는 유행어 가 한때 1950 년대 중반 에 서울특별시 항간 에서 난무 했 는데 이 는 당시 시 수주 변영로 ( 樹州 卞榮魯 ) 가 알아주 는 애주가 였 고 시 공초 오상순 ( 空超 吳相淳 ) 이 알아주 는 애연가 였 다는 것 을 알 수 있 다 . 	변영로	서울특별시	37
 홍성원 ( 洪盛原 , 1937 년 12 월 26 일 합천군 ~ 2008 년 5 월 1 일  서울특별시 ) 은 대한민국 의 소설가 이 다 . 	홍성원	서울특별시	37
 옌시산 ( 염석산 , 閻錫山 , 1883 년 10 월 8 일 ~ 1960 년 5 월 23 일 , 타이완  타이베이 시 ) 은 중화민국 의 군벌 정치가 이 다 . 	옌시산	타이베이 시	37
 바이충시 는 12 월 에 자신 의 부대 가 있 던 하이 난 섬 으로 갔 으나 , 장제스 는 그 를 행정원장 에 임명 하 겠 다고 유혹 하 여 대만 의 타이베이 시 로 불러들였 다 . 	바이충시	타이베이 시	37
미촌 윤선거 는 1610 년 충청남도 논산군 노성 ( 현 논산시 광석면 오강리 ) 에서 태어났 다 . 	윤선거	논산시	37
 김치열 ( 金致烈 , 1921 년 9 월 15 일 ~ 2009 년 6 월 15 일  서울특별시 ) 은 대한민국 의 정치인 이 며 , 제 4 공화국 시대 때 내무 장관 과 법무 장관 을 지냈 다 . 	김치열	서울특별시	37
 겐메이 천황 ( 661 - 721 ) 이 헤이조코 ( 平城京 : 지금 의 나라 시 ) 로 천거 한 직후 부터 도성 을 헤이안코 ( 平安京 : 지금 의 교토 ) 로 옮겨 갈 때 까지 의 80 여 년 간 ( 710 - 794 ) 을 나라 시대 라고 한 다 . 	겐메이 천황	나라 시	37
병산서원 ( 屛山書院 ) 은 서애 류성룡 선생 을 기리 기 위해 만든 경상북도  안동시 풍천면 병산리 에 있 는 서원 이 다 . 	류성룡	안동시	37
 고무라카미 천황 은 스미요시 신사 의 신관 가문 인 쓰모리 가문 의 저택 을 스미요시 행궁 ( 住吉行宮 ) 으로 삼 아 거처 를 옮긴 다 . 	고무라카미 천황	스미요시 행궁	37
제임스 얼 레이 ( , 1928 년 3 월 10 일 일리노이 주 올턴 ~ 1998 년 4 월 23 일  테네시 주 내슈빌 ) 는 미국 의 백인 우월주의자 로 아프리카 계 미국인 인권 운동가 마틴 루터 킹 주니어 를 저격 암살 한 범죄자 이 다 . 	마틴 루터 킹 주니어	테네시 주	37
세종대왕기념관 ( 世宗大王紀念館 ) 은 서울특별시 동대문구 청량리동 에 위치 한 기념관 으로 , 조선 세종 의 성덕 과 위업 을 추모 하 여 이 를 길 이 보존 하 기 위해 지어 졌 다 . 	조선 세종	서울특별시	37
 궈모뤄 ( 곽말약 , , 1892 년 11 월 16 일 쓰촨 성 러산 시 ~ 1978 년 6 월 12 일  베이징 시 ) 는 중화인민공화국 의 문학자 , 정치 가 , 극작가 이 다 . 	궈모뤄	베이징 시	37
러시아 의 시베리아 정복 은 1580 년  예르마크 티모페예비치 가 540 명 의 코사크 를 이끌 고 시작 하 였 다 . 	예르마크 티모페예비치	시베리아	37
최민수 는 1962 년 5 월 1 일 서울특별시 에서 배우 최무룡 과 강효실 사이 에서 1 남 3 녀 중 장남 으로 태어났 으며 , 한때 경기도 파주시 에서 유년기 를 보냈 다 . 	최무룡	서울특별시	37
하회 는 경상북도  안동시 풍산면 하회 를 가리키 며 , 그곳 이 류성룡 의 고향 이 다 . 	류성룡	안동시	37
 현석문 가롤 로 는 1925 년 7 월 5 일 에 로마 성 베드로 광장 에서 교황 비오 11 세 가 집전 한 79 위 시복 을 통해 복자 품 에 올랐 고 , 1984 년 5 월 6 일 에 서울특별시 여의도 에서 한국 천주교 창립 200 주년 을 기념 하 여 방한 한 교황 요한 바오로 2 세 가 집전 한 미사 중 에 이뤄진 103 위 시성 을 통해 성인 품 에 올랐 다 . 	현석문	서울특별시	37
삼공 ( ) 은 취푸 시 에 있 는 공자 연고 의 사 적 인 공부 , 공묘 , 공림 을 삼공 이 라고 하 여 1994 년 유네스코 세계 문화유산 으로 등록 되 었 다 . 	공자	취푸 시	37
앵베르 라우렌시오 주교 와 피에르 모방 신부 그리고 자크오노레 샤스탕 신부 는 1925 년 7 월 5 일 에 로마 성 베드로 광장 에서 교황 비오 11 세 가 집전 한 79 위 시복 을 통해 복자 품 에 올랐 고 , 1984 년 5 월 6 일 에 서울특별시 여의도 에서 한국 천주교 창립 200 주년 을 기념 하 여 방한 한 교황 요한 바오로 2 세 가 집전 한 미사 중 에 이뤄진 103 위 시성 을 통해 성인 품 에 올랐 다 . 	피에르 모방	서울특별시	37
아이네이아스 는 수년 간 의 유랑 을 하 는데 안키세스 는 유랑 생활 도중 에 시칠리아 에서 죽 었 고 그곳 에 묻혔 다 . 	안키세스	시칠리아	37
국부 천대 ( 國府遷臺 ) 는 국공 내전 의 결과 로 장제스 의 중국 국민당 이 중국 대륙 에서 타이완 으로 피신 하 고 , 중화민국 정부 를 1949 년 12 월 7 일 난징 에서 타이베이 시 로 천도 한 사건 을 말 한 다 . 	장제스	타이베이 시	37
1997 년 , 제프 버클리 는 2 집 앨범 에 들어갈 곡 을 녹음 하 기 위해 테네시 주 의 멤피스 ( 테네시 주 ) 에서 준비 를 시작 했 다 . 	제프 버클리	테네시 주	37
한국작가회의 이사 / 감사 / 대구 회장 , 미학 이론지 연간 < 문예 미학 > 편집 위원 , 대구참여연대 「 참여 광장 」 편집 위원장 , 대구광역시 정책 평가 위원 , 우리 복지 시민 연합 회원 , 지방 분권 운동 대구경북 운영 위원 , 대구참여연대 제 1 기 시민 경제 교실 교장 , 이상화 고택 보존 운동 본부 편집 위원장 , ( 사 ) 대구광역시 지체 장애인협회 자문 위원 , 대구광역시 문화 정책 자문 위원 등 을 지냈 다 . 	이상화	대구광역시	37
대구광역시 에서 출생 하 였 고 서울특별시 에서 성장 한 그 는 백범 김구 의 손자 이 며 , 대한민국 의 공군 참모 총장 · 대한민국 건설 교통부 장관 · 유신정우회 국회의원 과 중화민국 주재 대한민국 특명 전권 대사 등 을 지낸 김신 의 둘째 아들 이 고 , 김진 의 동생 이 기 도 하 다 . 	김신	서울특별시	37
 스트라본 은 폰토스 의 아마세이아 ( 오늘날 터키 의 아마시아 ) 의 유복 한 집안 에서 태어났 다 . 	스트라본	아마시아	37
이후 이일 은 충주시 에 주둔 한 신립 ( 申砬 ) 의 군대 로 도망쳤 다 . 	신립	충주시	37
 박은식 , 신규식 , 노백린 , 김인전 , 안태국 등 애국선열 5 위 의 유해 , 상하이 시 에서 운구 . 	박은식	상하이 시	37
박은식 , 신규식 , 노백린 , 김인전 , 안태국 등 애국선열 5 위 의 유해 , 상하이 시 에서 운구 . 	노백린	상하이 시	37
사후 그 를 기념 하 여 남편 윤치영 , 아들 윤인선 , 며느리 노호경 은 서울특별시 덕수교회 에 3500 만 원 을 헌금 하 기 도 했 다 . 	윤치영	서울특별시	37
 신해철 은 1968 년 5 월 6 일  서울특별시 중구 회현동 에서 약사 출신 사업가 인 아버지 와 약사 출신 전업 주부인 ( 것 으로 추정 되 는 ) 어머니 아래 1 남 1 녀 중 둘째 로 태어났 다 . 	신해철	서울특별시	37
그 들 은 또 총통 의 자리 에 있 던 쉬스창 ( 徐世昌 ) 을 협박 하 여 하야 시키 고 , 톈진 시 에 머무르 던 리위안훙 을 복직 시켰 다 . 	쉬스창	톈진 시	37
그러나 1238 년 , 아라곤 왕국 의 하이메 1세 가 아라곤인 · 카탈루냐인 · 나바라 인 · 칼라트라바 기사단 에 의한 십자군 으로 이루어진 군대 와 함께 발렌시아 를 포위 하 고 9 월 28 일 에 는 도시 를 항복 시켰 으며 , 5 만 명 의 무어인 에게 발렌시아 를 떠나 는 것 을 강요 했 다 . 	하이메 1세	발렌시아	37
전영록 은 1954 년  서울특별시 에서 당시 대한민국 의 원 로 배우 황해 와 원로 가수 백설희 사이 에서 차남 으로 태어났 다 . 	백설희	서울특별시	37
전영록 은 1954 년  서울특별시 에서 당시 대한민국 의 원 로 배우 황해 와 원로 가수 백설희 사이 에서 차남 으로 태어났 다 . 	황해	서울특별시	37
이날 서재창 은 박영효 와 김옥균 이 이끌 던 독립당원 들 과 이창규 , 오창모 등 네 명 과 함께 금위영 국문장 에서 끌어내 어 군기시 앞길 에서 능지처참 했 다 . 	서재창	군기시	37
정일권 - 고노 이치 로 의 ' 미 해결 의 해결 ' 이 라는 대원칙 아래 1965 년 1 월 11 일  서울특별시 성북동 박건석 범양상선 회장 자택 에서 정일권 대한민국 의 국무총리 와 우노 소스 케 자유민주당 의원 이 한일 정상 회담 에서 한일 기본 조약 체결 과정 중 큰 문제 였 던 독도 문제 를 해결 하 기 위해 합의 하 였 다 . 	정일권	서울특별시	37
 정일권 - 고노 이치 로 의 ' 미 해결 의 해결 ' 이 라는 대원칙 아래 1965 년 1 월 11 일  서울특별시 성북동 박건석 범양상선 회장 자택 에서 정일권 대한민국 의 국무총리 와 우노 소스 케 자유민주당 의원 이 한일 정상 회담 에서 한일 기본 조약 체결 과정 중 큰 문제 였 던 독도 문제 를 해결 하 기 위해 합의 하 였 다 . 	정일권	서울특별시	37
 로드리고 디아스 데 비바르 ( Rodrigo D í az de Vivar , 1040 년 부르고스 근처 비바르 - 1099 년 7 월 10 일 , 발렌시아 ) , 또는 엘 시드 캄페아도르 ( El Cid Campeador ) 로 알려 진 그 는 카스티야 귀족 이 자 장군 및 외교관 이 었 으며 , 후 에 발렌시아 에 망명 하 여 정복 하 고 통치 하 였 다 . 	로드리고 디아스 데 비바르	발렌시아	37
 권희로 ( 權禧老 , 1928 년 11 월 20 일 일본 시즈오카 현 ~ 2010 년 3 월 26 일 대한민국 부산광역시 ) 는 재일 한국인 2 세 , 기업가 , 범죄자 로 의 일본 최 장기수 였 으며 일본 인 조직 폭력배 를 살해 한 죄 로 체포 되 어 24 년 간 복역 하 였 다 . 	권희로	부산광역시	37
* 요시다 고리 산성 ( 吉田郡山城 ) - 히로시마 현 아키타카타 시 에 축성 된 성 , 주고쿠 아키 국 의 패자 모리 모토나리 의 거성 	모리 모토나리	요시다 고리 산성	37
진안읍 ( 鎭安邑 ) 은 진안군 의 군 이 며 , 금강 과 섬진강 의 양 사면 의 분수 계 에 위치 하 고 북쪽 으로 용담 , 장수군 , 서쪽 로 전주시 , 동쪽 으로 는 경상남 도 의 함양군 등지 에 달하 는 교통 의 요충지 이 다 . 	금강	전주시	37
1974 년 8 월 15 일 대한민국  서울특별시 장충동 국립 극장 에서 박정희 대통령 연설 도중 에 영부인 육영수 여사 가 문세광 이 쏜 총탄 에 피격 당하 였 고 , 서울대학교 의과 대학 부속 병원 으로 이송 되 었 으나 오후 7 시 에 사망 하 였 다 . 	문세광	서울특별시	37
1974 년 8 월 15 일 대한민국  서울특별시 장충동 국립 극장 에서 박정희 대통령 연설 도중 에 영부인 육영수 여사 가 문세광 이 쏜 총탄 에 피격 당하 였 고 , 서울대학교 의과 대학 부속 병원 으로 이송 되 었 으나 오후 7 시 에 사망 하 였 다 . 	육영수	서울특별시	37
 아가토클레스 는 시라쿠사 의 군주 였 다 . 	아가토클레스	시라쿠사	37
임진왜란 이 일어나 자 영남 지방 의 선봉 에 나서 서 왜군 과 싸웠 고 초유사 김성일 의 명령 으로 제 1 차 진주성 전투 에서 진주시 목사 김시민 을 도와 싸워 승리 했 다 . 	김시민	진주시	37
을미사변 때 훈련대 병력 을 동원 하 여 명성황후 를 시해 하 는 데 동참 했 던 당시 조선훈련대 제 2 대대장 우범선 ( 禹範善 ) 은 이후 일본 에 망명 하 였 는데 , 고영근 은 일본 으로 건너가 1903 년 11 월 24 일 히로시마 현  구레 시 의 자신 의 집 에 우범선 을 초대 한 후 살해 하 였 다 . 	우범선	구레 시	37
사 동궁 ( 寺洞宮 ) 은 현재 서울특별시 종로구 관훈동 196 번지 일대 에 있 었 던 대한제국 고종 의 5 남 의친왕 의 사저 이 자 친왕부 ( 親王府 ) 이 다 . 	의친왕	서울특별시	37
 김종률 의원 은 단국대학교 교수 겸 법무실장 으로 일 하 던 2003 년  서울특별시 용산구 한남동 단국대 부지 개발 을 추진 하 던 시행 업체 2 곳 으로부터 1 억 원 씩 의 자문료 를 받 은 혐의 로 2003 년 12 월 , 검찰 에 불 구속 기소 됐 다 . 	김종률	서울특별시	37
그녀 는 도량 이 넓 고 두뇌 가 명석 할 만큼 총명 한 것 은 물론 체모 ( 體貌 ) 도 기품 이 있 는 데 다가 옛날 원로 상궁 들 같 은 풍격 ( 風格 ) 이 있 었 으며 , 만년 에 는 대한민국  서울특별시 종로구 와룡동 창덕궁 낙선재 에서 덕혜옹주 ( 德惠翁主 ) 의 유모 였 던 하급 상궁 내인 이 자 진외가친척 언니 변복동 ( 卞福童 , 1889 년 출생 ~ 1972 년 별세 ) 과 함께 불교 를 신앙 하 며 궁녀 으로 봉직 하 면서 상궁내 인 생활 의 끝마무리 를 매듭 지었 다 . 	덕혜옹주	서울특별시	37
시칠리아 의 고대 심벌 로 익숙 한 이 트리스켈리온 은 아가토클레스 의 동전 ( 기원 전 317 - 289 년 ) 과 같 은 시라쿠사 의 그리스 동전 들 에 도 나타난 다 . 	아가토클레스	시라쿠사	37
김영일 부상 은 특히 지난 2002 년 9 월 전 일본 총리 고이즈미 준이치로 가 평양직할시 를 방문 했 을 때 , 순안 공항 에서 고이즈미 전 총리 를 영접 했 으며 납치 문제 에 대해 협상 최고 대표 로 참여 하 였 으며 , 2004 년 2 월 2 일 , 외무상 백남순 과 함께 평양시 를 방문 한 오스트레일리아 알리스태어 머레이 맥클린 외무상 특사 를 단장 으로 하 는 오스트레일리아 외무성 대표단 을 만나 면담 을 하 였 다 . 	백남순	평양직할시	37
센고쿠 시대 의 센고쿠 다이묘 의 일부 는 자신 이 거처 하 는 성 의 조카마치 에 자신 에게 복속 해 있 던 사무라이 들 을 모았 고 , 그 중 도요토미 히데요시 가 오사카 성 ・ 주라쿠 다이 ・ 후시미 성 에서 자신 의 통치 에 복종 한 다이묘 에게 저택 을 제공 해 그곳 에 처자식 을 살 게 한 것 으로부터 산킨코타이 의 원형 이 생겨났 다 . 	도요토미 히데요시	후시미 성	37
1969 년 6 월 20 일 밤 10 시 15 분 경 서울특별시 청진동 음식점 장원 에서 유진오 신민당 총재 와 중진 간부 들 과 저녁 식사 를 마치 고 토요타 크라운 ( 서울자 2 - 2347 호 / 운전사 김영수 ) 을 타 고 귀 가 도중 이 던 김영삼 의원 의 차량 이 자택 에서 50 m 떨어진 서울 상도동 7 의 6 앞 골목 커브 길 에서 피습 을 당했 다 . 	김영삼	서울특별시	37
그 의 유해 는 1993 년 초 김영삼 정부 의 임정 요인 유해 봉환 사업 에 따라 사후 68 년 만 인 1993 년 8 월 5 일 서울 로 운구 , 봉환 되 어 서울특별시 동작구 국립묘지 에 안장 되 었 다 . 	김영삼	서울특별시	37
 야마구치 쓰토무 ( , 1916 년 3 월 16 일 ~ 2010 년 1 월 4 일 ) 는 제 2 차 세계 대전 중 히로시마 시 와 나가사키 시 에 떨어진 원자 폭탄 에서 생존 한 일본 인 이 다 . 	야마구치 쓰토무	나가사키 시	37
낭시 전투 ( Battle of Nancy ) 는 1477 년 1 월 5 일 프랑스 도시 낭시 ( Nancy ) 교외 에서 부르고뉴 공국 공작 용담공 샤를 ( Charles the Bold ) 과 로렌 공국 공작 로렌 공작 르네 2 세 ( Ren é ) 사이 에서 일어난 부르고뉴 전쟁 최후 의 결정 적 전투 이 다 . 	용담공 샤를	낭시	37
1581 년 상인 스트로가노프 가문 은 모피 무역 에 관심 을 갖 고 , 코사크 의 수령 예르마크 티모페예비치 를 고용 해 서 시베리아 로 원정 을 개시 했 다 . 	예르마크 티모페예비치	시베리아	37
 고려 공양왕 은 폐위 후 처음 에 는 강원도 원주시 로 유배 되 었 다가 간성읍 으로 유배지 가 옮겨 졌 고 , 다시 삼척시 으로 옮겨 진 뒤 에 그 곳 에서 처형 되 었 다 . 	고려 공양왕	삼척시	37
1979 년 8 월 9 일 가발 수출 회사 인 YH 무역 의 여성 노동자 172 명 이 서울특별시 마포구 에 있 는 신민당 당사 에 찾아와 당내 에서 농성 에 돌입 했 으며 신민당 총재 김영삼 은 YH 무역 의 여공 들 과 면담 하 였 다 . 	김영삼	서울특별시	37
역사학자 겸 대학 교수 이병도 의 손자 이 자 농화학자 겸 대학 교수 이춘녕 의 아들 로 , 1947 년  서울특별시 에서 태어났 다 . 	이병도	서울특별시	37
역사학자 겸 대학 교수 이병 도 의 손자 이 자 농화학자 겸 대학 교수 이춘녕 의 아들 로 , 1947 년  서울특별시 에서 태어났 다 . 	이춘녕	서울특별시	37
 고유섭 ( 高裕燮 , 1905 년 2 월 2 일 ~ 1944 년 6 월 25 일 ) 은 일제 강점기 의 미술 사학자 로 , 호 는 우현 ( 又玄 ) 이 며 인천광역시 출생 이 다 . 	고유섭	인천광역시	37
맹탄 ( 孟坦 ) 은 후한 말기 조조 의 부하 이 자 뤄양 시 태수 ( 洛陽太守 ) 한복 ( 韓福 ) 의 아장 으로 《 삼국지연 의 》 에 만 등장 하 는 가공 인물 이 다 . 	조조	뤄양 시	37
 겐메이 천황 이 헤이조쿄 ( 平城京 : 지금 의 나라 시 ) 로 천거 한 직후 부터 도성 을 헤이안쿄 ( 平安京 : 지금 의 교토 시 ) 로 옮겨 갈 때 까지 의 80 여 년 간 ( 710 년 ~ 794 년 ) 을 나라 시대 라고 한 다 . 	겐메이 천황	나라 시	37
 장성집 요셉 은 1925 년 7 월 5 일 에 로마 성 베드로 광장 에서 교황 비오 11 세 가 집전 한 79 위 시복 을 통해 복자 품 에 올랐 고 , 1984 년 5 월 6 일 에 서울특별시 여의도 에서 한국 천주교 창립 200 주년 을 기념 하 여 방한 한 교황 요한 바오로 2 세 가 집전 한 미사 중 이뤄진 103 위 시성 을 통해 성인 품 에 올랐 다 . 	장성집	서울특별시	37
그 뒤 경기도  성남시 분당구 에 아파트 를 마련 하 고 정착 하 였 으나 , 1997 년 저서 《 김정일 로열 패밀리 : 김정일 처조카 이한영 의 수기 》 를 출간 했 다는 이유 로 조선민주주의인민공화국 에서 보낸 공작원 에 의해 자택 에서 저격 당하 여 10 일 뒤 세상 을 떠났 다 . 	이한영	성남시	37
이후 1602 년  도요토미 히데요시 ( 豐臣秀吉 ) 의 정실 인 고다이인 ( 北政所 ) 와 교토 를 방문 , 고요제이 천황 ( 後陽成天皇 ) 을 알현 한 뒤 같 은 해 교토 의 후시미 성 ( 伏見城 ) 에서 사망 하 였 다 . 	도요토미 히데요시	후시미 성	37
현재 안영 의 묘소 는 중국 산둥 성  쯔보 시 에 있 다 . 	안영	쯔보 시	37
창동 전투 는 한국 전쟁 발발 초기 에 북한군 의 기습 적 인 전면 남침 으로 38 도 분계선 에 연한 전 전선 이 무너지 자 , 육군 본부 가 38 도 선 으로부터 45 ㎞ 에 불과 한 수도 서울특별시 에 대한 위협 에 직면 하 게 되 었 고 이 에 이응준 ( 李應俊 ) 소장 이 이끄는 국군 제 5 사단 과 유재흥 ( 劉載興 ) 소장 이 이끄는 제 7 사단 이 당시 서울특별시 시계 ( 市界 ) 지역 이 었 던 미아동 , 창동 지역 에서 치른 전투 이 다 . 	유재흥	서울특별시	37
창동 전투 는 한국 전쟁 발발 초기 에 북한군 의 기습 적 인 전면 남침 으로 38 도 분계선 에 연한 전 전선 이 무너지 자 , 육군 본부 가 38 도 선 으로부터 45 ㎞ 에 불과 한 수도 서울특별시 에 대한 위협 에 직면 하 게 되 었 고 이 에 이응준 ( 李應俊 ) 소장 이 이끄는 국군 제 5 사단 과 유재흥 ( 劉載興 ) 소장 이 이끄는 제 7 사단 이 당시 서울특별시 시계 ( 市界 ) 지역 이 었 던 미아동 , 창동 지역 에서 치른 전투 이 다 . 	이응준	서울특별시	37
이 들 철수 병력 의 집결 이 대강 끝난 것 은 6 월 28 일 밤 과 6 월 29 일 아침 사 이 었 는데 , 이 동안 인 6 월 28 일 낮 에세 수원 농업 시험장 에 새로운 지휘소 를 개설 한 육군 본부 는 시흥 ( 현재 의 서울특별시 금천구 ) 에 김홍일 소장 이 지휘 하 는 전투 사령부 를 설치 하 고 , 그곳 에서 병력 이 수습 되 는 대로 부대 의 건제 와 병 과 의 여하 를 따지 지 않 고 혼성 부대 를 편성 하 여 우선 노량진 부근 에 투입 함 으로써 한강 방어선 을 방어 케 하 였 다 . 	김홍일	서울특별시	37
결국 호스로 2세 는 591 년 에 크테시폰 으로 돌아왔 으며 , 아제르바이잔 에서 바흐람 6 세 를 물리쳤 다 . 	호스로 2세	크테시폰	37
곧바로 , 삼사 ( 三司 ) 의 탄핵 으로 , 아버지 심의면 ( 沈宜冕 ) 은 공주목 ( 지금 의 충남 공주시 ) 에 찬배 ( 竄配 ) 되 는 유배 형 을 , 심이택 은 제주 도 에 가극 ( 加棘 ) 되 는 유배 형 을 당하 였 다 . 	심의면	공주시	37
1940 년 평안남도  평양직할시 에서 조만식 과 그 의 후처 전선애 의 넷째 아들 로 태어났 다 . 	조만식	평양직할시	37
화신백화점 ( 和信百貨店 ) 은 1931 년  박흥식 이 설립 한 지상 5 층 의 백화점 으로 서울특별시 종로구 공평동 현재 종로타워 자리 에 있 었 다 . 	박흥식	서울특별시	37
 양석원 ( 梁碩元 , 1982 년 12 월 6 일 ~ 2009 년 2 월 28 일 ) 은 2009 년 2 월 28 일 바다 에서 조업 중 , 경상남 도  통영시 욕지도 근해 의 남동 쪽 약 35 마일 해상 에서 물 에 빠진 동료 선원 을 구하 기 위해 바다 에 뛰어들 어 구조 를 하 다 숨진 의사자 ( 義死者 ) 다 . 	양석원	통영시	37
1939 년 조상선 ( 趙相鮮 ) , 한주환 , 김여란 , 김소희 ( 金素姬 ) , 임소향 ( 林素香 ) 등 과 함께 화랑창극단 을 조직 하 여 광주광역시 와 서울특별시 에서 공연 을 하 였 고 , 창극 공연 때 본인 이 거문고 산조 를 연주 하 기 도 하 였 다 . 	김소희	서울특별시	37
개척자 의 날 은 1874 년  브리검 영 이 지금 의 솔트레이크시티 에 도착 한 날 을 기념 하 여 정한 유타 주 의 법정 공휴일 이 다 . 	브리검 영	솔트레이크시티	37
 서울특별시 동작구 동작동 국립묘지 국립 서울현충원 장군 제 2 묘역 에 , 심흥선 ( 沈興善 ) 장관 이 안장 되 어 있 다 . 	심흥선	서울특별시	37
 서울특별시 종로구 을 ( 제 3 선거구 ) : 장면 ( 무 소속 ) , 주미 대사 임명 ( 1949 년 2 월 ) 보궐 선거  	장면	서울특별시	37
 서울특별시 종로구 을 ( 제 3 선거구 ) : 이인 ( 무 소속 ) 	이인	서울특별시	37
 타마르 는 그녀 의 남편 인 다비트 소슬란 보다 오래 살 다가 ' 참혹 한 질병 ' 에 걸려 죽 기 전 에 미리 섭정 으로 그녀 의 아들 게오르게 에게 왕위 를 물려주 고 , 트빌리시 에서 그리 멀리 떨어져 있 지 않 는 곳 에서 죽 었 다 . 	타마르	트빌리시	37
그 는 1978 년  베이징 시 서단 민주장 에서 덩샤오핑 의 개혁 개방 노선 과 중국 공산당 의 일당 독재 체제 를 비판 하 는 내용 의 ' 5 대 현대 화 ' 라는 대자보 를 썼 다 . 	덩샤오핑	베이징 시	37
2005 년 6 월 10 일 : 미국  시애틀 의 보잉 사 로부터 , 중국 항공사 로서 는 처음 으로 보잉 737 을 인 도 받 는다 . 	보잉	시애틀	37
 해럴드 워싱턴 ( Harold Washington , 1922 년 4 월 15 일 ~ 1987 년 11 월 25 일 ) 은 아프리카 계 미국인 처음 으로 시카고 의 시장 ( 1983 ~ 1987 ) 을 지낸 미국 의 정치인 이 다 . 	해럴드 워싱턴	시카고	37
중국 대륙 에서 벌어진 국공 내전 으로 1949 년 에 장제스 의 중국 국민당 이 난징 시 에 있 던 중화민국 정부 를 타이베이 시 로 옮기 면서 타이완 은 일개 변두리 섬 에서 중화민국 의 중심 무대 로 탈바꿈 하 였 다 . 	장제스	타이베이 시	37
한편 중국 국민당 의 장제스 를 필두 로 타이완 으로 피난 하 여 그해 12 월 에 난징 시 에 있 던 정부 를 타이베이 시 로 옮겼 다 . 	장제스	타이베이 시	37
1947 년 에 귀국 한 이우석 은 겨우 생계 를 유지 하 는 등 1970 년대 부터 는 행상 도 못 해 부인 이 식모 노릇 을 하 는 등 생계 를 유지 했 고 서울특별시 관악구 신림동 의 8 평 짜리 무 허가 집 에서 거주 하 였 다 . 	이우석	서울특별시	37
 보찌꽁 ( , 1912 년 8 월 7 일 , 꽝남 성 ~ 2011 년 9 월 8 일 , 호찌민 시 ) 은 베트남 의 독립 운동가 이 자 공산주의 정치인 이 다 . 	보찌꽁	호찌민 시	37
아르키메데스 갈고리 ( ) 는 고대 그리스 의 시라쿠사 에 살 았 던 아르키메데스 가 고안 한 방어 용 무기 이 다 . 	아르키메데스	시라쿠사	37
 팜훙 ( , 1912 년 6 월 11 일 , 빈롱 성 ~ 1988 년 3 월 10 일 , 호찌민 시 ) 은 베트남 의 정치인 , 독립 운동가 이 다 . 	팜훙	호찌민 시	37
8 쪽 분량 의 라틴어 문서 에서 는 아르키메데스 가 시라쿠사 의 군주 겔로 2 세 ( 히에론 2세 의 아들 ) 에게 보여 주 기 위해 이 글 을 썼 다고 밝히 고 있 다 . 	히에론 2세	시라쿠사	37
 히에론 2세 ( , 약 기원 전 308 년 – 기원 전 215 년 ) 는 기원전 270 년 부터 기원전 215 년 까지 재위 한 시라쿠사 의 왕 이 다 . 	히에론 2세	시라쿠사	37
 조제프 조아노비치 ( Joseph Joanovici : 1905 년 2 월 20 일 , 키시너우 출생 - 1965 년 2 월 7 일 , 프랑스  클리시 에서 사망 ) 는 프랑스 로 이주 한 루마니아 출신 의 유대인 으로 , 제 2 차 세계 대전 중 에 친 독 협력 과 프랑스 레지스탕스 활동 이 라는 이중 적 행동 을 한 인물 이 다 . 	조제프 조아노비치	클리시	37
887 년 당시 , 그 는 진종권 의 휘하 에서 산남동도 ( 山南東道 , 본거지 는 현 후베이 성  샹양 시 ) 유후 ( 留後 ) 를 자칭 했 던 조덕인 의 부장 으로 있 었 다 . 	조덕인	샹양 시	37
그 해 연말 , 진종권 과 함께 당나라 를 배반 한 무장 녹안홍 이 산남동도 ( 山南東道 , 본거지 는 현 후베이 성  샹양 시 ) 번진 을 공격 해 왔 을 무렵 , 진종권 은 진고 ( 秦誥 ) 와 조덕인 을 파견 하 여 군대 를 거느리 고 녹안홍 의 군대 와 합류 하 여 공격 에 협조 하 게 하 였 다 . 	조덕인	샹양 시	37
그 해 음력 12 월 25 일 , 조덕인 은 형남 ( 荊南 , 본거지 는 현 후베이 성  징저우 시 ) 번진 을 공격 하 여 그곳 을 함락 시키 고 , 형남 절도사 장괴 를 살해 하 였 다 . 	장괴	징저우 시	37
유진길 아우구스티노 와 유대철 베드로 부자 는 1925 년 7 월 5 일 에 로마 성 베드로 광장 에서 교황 비오 11 세 가 집전 한 79 위 시복 을 통해 복자 품 에 올랐 고 , 1984 년 5 월 6 일 에 서울특별시 여의도 에서 한국 천주교 창립 200 주년 을 기념 하 여 방한 한 교황 요한 바오로 2 세 가 집전 한 미사 중 에 이뤄진 103 위 시성 을 통해 성인 품 에 올랐 다 . 	유대철	서울특별시	37
 원귀임 마리아 는 1925 년 7 월 5 일 에 로마 성 베드로 광장 에서 교황 비오 11 세 가 집전 한 79 위 시복 을 통해 복자 품 에 올랐 고 , 1984 년 5 월 6 일 에 서울특별시 여의도 에서 한국 천주교 창립 200 주년 을 기념 하 여 방한 한 교황 요한 바오로 2 세 가 집전 한 미사 중 이뤄진 103 위 시성 을 통해 성인 품 에 올랐 다 . 	원귀임	서울특별시	37
오스트리아 의 마리아 테레사 ( , 1816 년 7 월 31 일 ~ 1867 년 8 월 8 일 ) 은 합스부르크로트링겐 왕 가 의 분 가 테셴 공국 의 공녀 이 자 양시칠리아 왕국 의 국왕 양시칠리아의 페르디난도 2세 의 두 번 째 왕비 이 다 . 	양시칠리아의 페르디난도 2세	양시칠리아 왕국	37
 양시칠리아 왕국 의 프란체스코 1세 와 그 의 두 번 째 왕비 스페인 의 마리아 이자벨라 사이 에서 태어났 다 . 	프란체스코 1세	양시칠리아 왕국	37
사보이 의 마리아 크리스티나 ( Maria Cristina di Savoia , 1812 년 11 월 14 일 ~ 1836 년 1 월 21 일 ) 는 양시칠리아 왕국 의 양시칠리아의 페르디난도 2세 의 첫 번 째 왕비 이 다 . 	양시칠리아의 페르디난도 2세	양시칠리아 왕국	37
 마쓰다 나오키 ( , 1977 년 3 월 14 일 군마 현 기류 시 ~ 2011 년 8 월 4 일 나가노 현  마쓰모토 시 ) 는 일본 의 전 축구 수비 수 였 다 . 	마쓰다 나오키	마쓰모토 시	37
 금강 , 섬진강 의 발원지 로서 청정 지역 이 면서 도 전주시 와 근접 하 여 교통 이 편리 하 다 . 	금강	전주시	37
단언모 ( 段彦謨 , Duan Yanmo , 882 년 7 월 17 일 ) 는 중국 당나라 말기 에 활약 했 던 군벌 로 , 880 년 부터 882 년 까지 환관  주경매 와 연합 하 여 형남 ( 荊南 , 본거지 는 현 후베이 성  징저우 시 ) 번진 ( 藩鎭 ) 을 지배 하 였 으나 , 후 에 주경매 와 사이 가 틀어져 최후 에 는 주경매 에게 살해 되 었 다 . 	주경매	징저우 시	37
 단언모 ( 段彦謨 , Duan Yanmo , 882 년 7 월 17 일 ) 는 중국 당나라 말기 에 활약 했 던 군벌 로 , 880 년 부터 882 년 까지 환관 주 경매 와 연합 하 여 형남 ( 荊南 , 본거지 는 현 후베이 성  징저우 시 ) 번진 ( 藩鎭 ) 을 지배 하 였 으나 , 후 에 주경매 와 사이 가 틀어져 최후 에 는 주경매 에게 살해 되 었 다 . 	단언모	징저우 시	37
 서울특별시 종로구 갑 ( 제 1 선거구 ) : 윤보선 ( 민주당 ) 4 대 대통령 당선 보궐 선거 	윤보선	서울특별시	37
 서울특별시 중구 ( 제 2 선거구 ) : 정일형 ( 민중당 ) 한일 기본 조약 에 반대 해 사퇴 	정일형	서울특별시	37
 서울특별시 서대문구 갑 ( 제 9 선거구 ) : 김재광 ( 민중당 ) 	김재광	서울특별시	37
887 년 , 진종권 은 자신 의 또 다른 장군 인 산남동 도 유후 ( 山南東道留後 , 본거지 는 현 후베이 성  샹양 시 ) 조덕인 을 파견 하 여 형남 번진 을 재차 공격 해 왔 다 . 	조덕인	샹양 시	37
한국 전쟁 도중 , 1950 년 10 월 16 일 서울특별시 중구 남산동 에서 이형근 2 성 장군 이 초대 군단장 에 임명 되 고 제 9 보병 사단 , 제 11 기계 화 보병 사단 을 편성 하 여 창설 되 었 다 . 	이형근	서울특별시	37
 서울특별시 종로구 , 중구 ( 제 1 선거구 ) : 정일형 ( 신민당 ) 명동 민주 구국 선언 으로 구속 된 뒤 사퇴 ( 1977 . 3 . 22 ) 보궐 선거 	정일형	서울특별시	37
 서울특별시 영등포구 을 : 김명섭 ( 민주정의당 ) 당선 무효 ( 1989 년 5 월 26 일 ) 재 선거 	김명섭	서울특별시	37
그러나 모반 을 일으킨 벌 을 받 아 형 인 양검 과 함께 징벌 되 어 그 는 진주시 에 유배 를 갔 다가 사형 당했 다 . 	양검	진주시	37
항복 한 이후 에 모반 을 꾀하 고 견훤 을 몰아냈 던 벌 을 받 아 아우 인 용검 과 함께 징벌 되 어 그 는 진주시 로 귀양 을 갔 다가 그곳 에서 사형 에 처해 졌 다 . 	용검	진주시	37
대한민국  서울특별시 에서 당시 대한민국 최대 의 섬유 기업 이 었 던 태창방직 ( 방림방적 의 전신 ) 의 회장 이 자 백남준 의 큰형 이 었 던 백남일 의 장남 으로 백건 ( 白健 ) 이 라는 한국 이름 을 가지 고 태어난 그 는 1960 년  이승만 의 자유당 정권 이 무너지 고 1961 년 5 · 16  군사정변 이 일어나 면서 일가족 이 부정 축재자 로 몰려 태창방직이 대한민국 정부 에 몰수 당하 게 되 자 부모 와 일가족 을 따라 일본 으로 망명 , 귀화 하 여 이 때 이름 을 일본식 으로 하쿠다 켄 ( 白田健 ) 으로 개명 하 고 그 곳 에서 성장 하 였 다 . 	이승만	서울특별시	37
이 를 시기 한 그 의 첫째 이복 형 신검 ( 神劍 ) 은 각각 진주시 도독 ( 康州都督 ) , 광주광역시 도독 ( 武州都督 ) 을 지내 고 있 던 신검 자신 의 동복 동생 양검 과 용검 , 그리고 이찬 능환 등 과 함께 음모 를 꾸며 서 935 년 음력 3 월 에 난 ( 쿠데타 ) 을 일으켰 다 . 	용검	진주시	37
이 를 시기 한 그 의 첫째 이복 형 신검 ( 神劍 ) 은 각각 진주시 도독 ( 康州都督 ) , 광주광역시 도독 ( 武州都督 ) 을 지내 고 있 던 신검 자신 의 동복 동생 양검 과 용검 , 그리고 이찬 능환 등 과 함께 음모 를 꾸며 서 935 년 음력 3 월 에 난 ( 쿠데타 ) 을 일으켰 다 . 	양검	진주시	37
이병옥 ( 李丙玉 , 1913 년 8 월 27 일 ~ 1989 년 10 월 20 일 ) 은 일제 강점기 의 조선 귀족 으로 , 본적 은 서울특별시 종로구 사직동 이 며 남작 이윤용 의 손자 이 다 . 	이윤용	서울특별시	37
 차중락 은 1942 년  서울특별시 에서 8 남 3 녀 중 셋째 아들 ( 3 남 ) 로 태어났 다 . 	차중락	서울특별시	37
1968 년 11 월 10 일 , 차중락 은 서울특별시 의 어느 공연장 에서 노래 를 부르 던 중 수막염 으로 쓰러져 사망 하 였 다 . 	차중락	서울특별시	37
 종광시 가 진남군 번진 을 점령 한 직후 , 그 의 라이벌 이 었 던 군벌 회남절도사 ( 淮南節度使 , 본거지 는 지금 의 장쑤 성  양저우 시 ) 양악 은 종광시 를 격파 하 여 그 를 사로잡 았 고 , 진남군 번진 을 자신 의 지배하 에 편입 시켰 다 . 	종광시	양저우 시	37
종광시 가 진남군 번진 을 점령 한 직후 , 그 의 라이벌 이 었 던 군벌 회남절도사 ( 淮南節度使 , 본거지 는 지금 의 장쑤 성  양저우 시 ) 양악 은 종광시 를 격파 하 여 그 를 사로잡 았 고 , 진남군 번진 을 자신 의 지배하 에 편입 시켰 다 . 	종광시	양저우 시	37
후한 의 건우 3 년 ( 950 년 ) , 추밀사 곽위 ( 郭威 ) 의 반란 이 일어나 고 , 반란군 이 후한 의 수도 인 대량 ( 大梁 , 현재 의 하남성 카이펑 시 ) 에 점령 하 여 은제 유승우 는 도망갔 고 , 그러나 반란군 에 잡혀 살해 되 었 다 . 	곽위	카이펑 시	37
조선총독부 중추원 참의 를 역임 한 정재학 의 셋째 아들 이 며 경상북도 대구부 ( 현재 의 대구광역시 ) 출신 이 다 . 	정재학	대구광역시	37
1616 년 에 사망 한 1 대 쇼군 도쿠가와 이에야스 의 유해 는 시즈오카 현  시즈오카 시 스루가 구 에 위치 한 구능산 동조궁 에 안장 되 었 다가 1617 년 에 도치 기 현 닛코 시 에 있 는 닛코 동조궁 으로 이장 되 었 다 . 	도쿠가와 이에야스	시즈오카 시	37
1958 년 정상영 KCC 그룹 명예 회장 이 정주영 현대그룹 명예 회장 의 유학 지시 를 뿌리치 고 직원 7 명 을 모아 서울특별시 영등포구 에 설립 한 금강스레트공업주식회사 가 시초 이 다 . 	정주영	서울특별시	37
치킨라멘 을 1958 년 에 개발 한 안도 모모후쿠 의 업적 을 기념 하 여 1999 년  이케다 시 에 다시 지어 진 시설 이 다 . 	안도 모모후쿠	이케다 시	37
 노카 다케히코 ( , 1928 년 3 월 27 일 ( 일본 오키나와 현 요나구니 정 ) ~ 2007 년 8 월 10 일 ( 일본 오키나와 현  난조 시 ) ) 는 류큐 정부 및 오키나와 현 의 정치인 이 다 . 	노카 다케히코	난조 시	37
대빈묘 ( 大嬪墓 ) 는 경기도  고양시 덕양구 용두동 의 서오릉 경내 에 있 는 조선 의 제 19 대 왕  조선 숙종 의 후궁 희빈 장 씨 의 무덤 이 다 . 	조선 숙종	고양시	37
김영수 ( 金泳秀 , 일본식 이름 : 金山秀雄 ( 가네야마 히데오 ) , 1923 년 5 월 13 일 ~ 1945 년 4 월 16 일 ) 는 일제 강점기 의 군인 으로 , 김석원 의 둘째 아들 이 며 경성부 ( 현재 의 대한민국  서울특별시 ) 출신 이 다 . 	김석원	서울특별시	37
 장제스 가 탄 두 대 의 방탄 캐딜락 은 타이베이 시 의 중정기념당 에 전시 되 어 있 다 . 	장제스	타이베이 시	37
양성 평등 과 여성 권리 향상 과 동시 에 일부 남성 에 대한 역차별 , 군 가산점 폐지 , 가부장 제 강요 에 의한 남성 들 의 고통 , 여성 특혜 , 전통 적 인 남성 성 역할 의 축소 와 가치관 변화 , 성범죄 무 고 여성 등 의 등장 으로 이 들 을 구제 할 목적 으로 2008 년 1 월 여성부 폐지 운동 , 여성부 반대 운동 을 벌이 던 성재기 , 김동완 , 손승민 등 에 의해 서울특별시 강남구 삼성동 142 - 3 엘지에클라트 B 동 324 	성재기	서울특별시	37
중화민국 의 작가  루쉰 ( 魯迅 ) 의 2 번 째 부인 으로 1926 년  상하이 시 에서 루쉰 과 결혼 하 였 고 1932 년 작가 로 첫 입문 하 였 으며 1936 년 루쉰 과 사별 하 였 고 1949 년 중국 본토 에 중화인민공화국 정부 가 성립 된 이후 에 는 중국 인민 정치 협상 회의 상임 위원 , 전국 인민 대표 대회 상임 위원 , 중국공산당 민주 촉진회 부주석 , 부녀 연합 부주석 등 고위 직 을 지냈 다 . 	루쉰	상하이 시	37
중화민국 의 작가 루쉰 ( 魯迅 ) 의 2 번 째 부인 으로 1926 년  상하이 시 에서 루쉰 과 결혼 하 였 고 1932 년 작가 로 첫 입문 하 였 으며 1936 년  루쉰 과 사별 하 였 고 1949 년 중국 본토 에 중화인민공화국 정부 가 성립 된 이후 에 는 중국 인민 정치 협상 회의 상임 위원 , 전국 인민 대표 대회 상임 위원 , 중국공산당 민주 촉진회 부주석 , 부녀 연합 부주석 등 고위 직 을 지냈 다 . 	루쉰	상하이 시	37
중화민국 의 작가 루쉰 ( 魯迅 ) 의 2 번 째 부인 으로 1926 년  상하이 시 에서 루쉰 과 결혼 하 였 고 1932 년 작가 로 첫 입문 하 였 으며 1936 년 루쉰 과 사별 하 였 고 1949 년 중국 본토 에 중화인민공화국 정부 가 성립 된 이후 에 는 중국 인민 정치 협상 회의 상임 위원 , 전국 인민 대표 대회 상임 위원 , 중국공산당 민주 촉진회 부주석 , 부녀 연합 부주석 등 고위 직 을 지냈 다 . 	루쉰	상하이 시	37
 쑹자수 의 3 남 3 녀 중 셋째 아들 이 자 막내 이 며 쑹아이링 , 쑹칭링 , 쑹쯔원 , 쑹메이링 , 쑹쯔량 의 남동생 인 그 의 원적지 는 청나라 광둥 성 광저우 시 ( 지금 의 중화인민공화국 광둥 성 광저우 시 ) 이 고 청나라 장쑤 성 상하이 시 ( 지금 의 중화인민공화국  상하이 시 ) 출생 이 며 홍콩 광둥 성 은행 총재 를 지냈 다 . 	쑹자수	상하이 시	37
 쑹자수 의 3 남 3 녀 중 셋째 아들 이 자 막내 이 며 쑹아이링 , 쑹칭링 , 쑹쯔원 , 쑹메이링 , 쑹쯔량 의 남동생 인 그 의 원적지 는 청나라 광둥 성 광저우 시 ( 지금 의 중화인민공화국 광둥 성 광저우 시 ) 이 고 청나라 장쑤 성  상하이 시 ( 지금 의 중화인민공화국 상하이 시 ) 출생 이 며 홍콩 광둥 성 은행 총재 를 지냈 다 . 	쑹자수	상하이 시	37
 야마우치 히로시 ( , 1927 년 11 월 7 일 ~ 2013 년 9 월 19 일 ) 는 교토 부  교토 시 출신 의 사업가 이 다 . 	야마우치 히로시	교토 시	37
 경주시 황룡사지 의 창건 설화 에 도 보이 듯 아소카 왕 을 전륜성왕 의 모델 로 삼 았 던 진흥왕 은 두 왕자 에게 도 각각 동륜 성 왕 과 철륜 성 왕 을 가리키 는 ' 동륜 ( 銅輪 ) ' 과 ' 진지왕 ' 이 라는 이름 을 주 었 다 . 	진지왕	경주시	37
본관 은 은진 송 씨 이 고 중국 지린 성 룽징 지신 진 명동촌 출생 이 며 한때 함경북도 새별군 에서 잠시 유년기 를 보낸 적 이 있 고 시  윤동주 의 고종 사촌 형 인 그 는 일찍이 만주 룽징 은진중학교 재학 중 에 학교 목회자 이 었 던 명희조 선생 의 주선 을 받 아 백범 김구 의 예하 지도 편달 로 훈련 교습 을 주행 하 던 뤄양 시 황푸 군관학교 에 입학 하 여 독립운동 에 투신 하 였 고 , 일본 교토 대학교 에 유학 시절 특별 고등 경찰 의 감시 를 받 던 중 1943 년 7 월 10 일 에 교토 시 에서 특별 고등 경찰 에 의해 치안유지법 위반 으로 붙잡혀 일본  후쿠오카 시 형무소 에서 옥사 하 였 다 . 	윤동주	후쿠오카 시	37
이장무 ( 李長茂 ) 前 서울대학교 총장 과 이건무 ( 李健茂 ) 前 대한민국 문화재청 청장 의 아버지 이 기 도 한 그 의 본관 은 우봉 이 씨 ( 牛峰 ) 이 고 호 는 우계 ( 又溪 ) 이 며 경성부 ( 지금 의 서울특별시 ) 출생 으로 이기령 ( 李基寧 ) 의 아우 이 고 서양화가 장욱진 ( 張旭鎭 ) 의 손윗처남 이 며 농화학자 조백현 ( 趙伯顯 ) 의 생질 이 다 . 	조백현	서울특별시	37
이장무 ( 李長茂 ) 前 서울대학교 총장 과 이건무 ( 李健茂 ) 前 대한민국 문화재청 청장 의 아버지 이 기 도 한 그 의 본관 은 우봉 이 씨 ( 牛峰 ) 이 고 호 는 우계 ( 又溪 ) 이 며 경성부 ( 지금 의 서울특별시 ) 출생 으로 이기령 ( 李基寧 ) 의 아우 이 고 서양화가 장욱진 ( 張旭鎭 ) 의 손윗처남 이 며 농화학자 조백현 ( 趙伯顯 ) 의 생질 이 다 . 	장욱진	서울특별시	37
이장무 ( 李長茂 ) 前 서울대학교 총장 과 이건무 ( 李健茂 ) 前 대한민국 문화재청 청장 의 아버지 이 기 도 한 그 의 본관 은 우봉 이 씨 ( 牛峰 ) 이 고 호 는 우계 ( 又溪 ) 이 며 경성부 ( 지금 의 서울특별시 ) 출생 으로 이기령 ( 李基寧 ) 의 아우 이 고 서양화가 장욱진 ( 張旭鎭 ) 의 손윗처남 이 며 농화학자 조백현 ( 趙伯顯 ) 의 생질 이 다 . 	이기령	서울특별시	37
일 소대 ( 一笑臺 ) 또는 일소정 ( 一笑亭 ) 은 대구광역시 북구 침산동 오봉산 에 있 던 구 한말 과 일제 강점기 의 친 일 파 관료 겸 정치인 박중양 ( 朴重陽 , 1872 ~ 1959 ) 의 별장 과 그 가 세워 놓 은 정자 였 다 . 	박중양	대구광역시	37
중화인민공화국 의 건설 과 함께 , 리푸춘 과 차이창 은 베이징 시 으로 이사 했 다 . 	리푸춘	베이징 시	37
1920 년 경기도  개성특급시 고려정 에서 좌옹 윤치호 와 그 의 부인 백매려 의 아들 로 태어났 다 . 	윤치호	개성특급시	37
대한민국 제 2 대 부통령 보궐 선거 는 1951 년 5 월 16 일  이시영 부통령 의 사퇴 로 궐위 가 된 대한민국 의 부통령 보궐 선거 를 부산광역시 에서 실시 한 것 이 다 . 	이시영	부산광역시	37
실각 후 , 안후이 성  허페이 시 로 옮긴 타오주 는 1969 년 11 월 30 일 에 담암 으로 사망 했 다 . 	타오주	허페이 시	37
경남 에서 는 고 노무현 전 대통령 의 고향 인 김해시 갑 / 을 , 경남 진보 1 번지 창원시 성산구 , 신설 선거구 양산시 을 에서 정의당 , 더민주 에게 패배 하 였 다 . 	노무현	양산시	37
 조경희 ( 趙敬姬 , 1918 년 4 월 6 일 ~ 2005 년 8 월 , 인천광역시 강화군 ) 는 대한민국 의 수필가 이 자 기자 이 다 . 	조경희	인천광역시	37
파주 이이 유적 ( 坡州 李珥 遺跡 ) 은 경기도  파주시 에 있 는 이이 선생 관련 유적 이 다 . 	이이	파주시	37
1996 년 에 교황 요한 바오로 2세 가 발표 한 사도 적 헌장 《 주 님 의 양 떼 ( Universi Dominici Gregis ) 》 에 의하 면 , 사도좌 공석 동안 바티칸 시국 통치 에 관한 교황 의 모든 속권 은 자동 으로 추기 경단 에 속한 다 . 	교황 요한 바오로 2세	바티칸 시국	37
일 소대 ( 一笑臺 ) 는 대구광역시 북구 침산 1 동 에 있 던 정자 로 , 구 한말 과 일제 강점기 의 정치인 박중양 이 세운 정자 이 다 . 	박중양	대구광역시	37
1979 년 중화인민공화국 건국 30 주년 을 맞 아 당시 덩샤오핑 정부 는 베이징 시 민족문화궁 에서 각 소수 민족 을 널리 알리 는 행사 를 개최 했 다 . 	덩샤오핑	베이징 시	37
제 264 대 교황 교황 요한 바오로 2세 가 2005 년 4 월 2 일 에 선종 한 이후 에 새 교황 을 선출 하 기 위해 진행 된 선거 이 며 바티칸 시국 에 있 는 사도 궁전 과 시스티나 성당 에서 진행 되 었 다 . 	교황 요한 바오로 2세	바티칸 시국	37
장덕수 피살 사건 은 1947 년 12 월 2 일  서울특별시 동대문구 제기동 청설장 에서 한국민주당 의 당수 장덕수 가 미 군정청 경찰관 인 순경 박광옥 ( 한국독립당 당원 ) , 초등학교 교사 배희범 ( 한국독립당 의 당원 ) 외 5 명 의 권총 저격 을 받 고 암살 된 사건 이 다 . 	장덕수	서울특별시	37
1985 년 6 월 18 일 , 나가노 가즈오 도요타상사 회장 이 체포 된 다는 첩보 가 입수 되 자 기자 들 이 오사카 시 키타 구 ( 오사카 시 ) 에 있 던 나가노 의 아파트 로 몰려들 었 다 . 	나가노 가즈오	오사카 시	37
일소대 기념비 는 대구광역시 북구 침산동 오봉산 에 있 던 박중양 ( 朴重陽 ) 의 친필 비석 이 다 . 	박중양	대구광역시	37
구주제약 주식회사 는 1974 년 12 월 26 일 정재항 대표 이사 에 의해 설립 되 었 으며 , 1977 년 8 월 이일웅 대표 이사 취임 , 1978 년 3 월 17 일  서울특별시 영등포구 에서 약국 을 운영 하 던 김명섭 명예 회장 이 구주제약 주식회사 를 인수 하 면서 대표 이사 로 취임 하 였 다 . 	김명섭	서울특별시	37
제 263 대 교황 교황 요한 바오로 1세 가 1978 년 9 월 28 일 에 선종 한 이후 에 새 교황 을 선출 하 기 위해 진행 된 선거 이 며 바티칸 시국 에 있 는 사도 궁전 과 시스티나 성당 에서 진행 되 었 다 . 	교황 요한 바오로 1세	바티칸 시국	37
제 261 대 교황 교황 요한 23세 가 1963 년 6 월 3 일 에 선종 한 이후 에 새 교황 을 선출 하 기 위해 진행 된 선거 이 며 바티칸 시국 에 있 는 사도 궁전 과 시스티나 성당 에서 진행 되 었 다 . 	교황 요한 23세	바티칸 시국	37
제 259 대 교황 교황 비오 11세 가 1939 년 2 월 10 일 에 선종 한 이후 에 새 교황 을 선출 하 기 위해 진행 된 선거 이 며 바티칸 시국 에 있 는 사도 궁전 과 시스티나 성당 에서 진행 되 었 다 . 	교황 비오 11세	바티칸 시국	37
이 때문 에 , 장종 이 몰락 하 고 그 의 의형 후당 명종 이사원 이 제위 를 잇 고 난 이후 에 는 , 명종 의 추밀사 안중회 가 동장 과 인근 번진 ( 藩鎭 ) 의 서천절도사 ( 西川節度使 , 본부 는 지금 의 쓰촨 성  청두 시 ) 맹지상 두 사람 을 의심 하 기 시작 하 였 다 . 	맹지상	청두 시	37
926 년 전촉 원정 후 , 후당 의 전촉 침공군 지휘관 인 위왕 ( 魏王 ) 이 계급 ( 후당 장종 의 아들 ) 은 성 도 ( 멸망 한 전촉 의 수도 ) 를 떠나 후당 의 수도 낙양 으로 돌아갈 채비 를 하 면서 , 마보도 지휘사 ( 馬步都持揮使 ) 이인한 ・ 마군 도지휘사 ( 馬軍都持揮使 ) 반 인사 ( 潘仁嗣 ) ・ 좌상 도지휘사 ( 左廂都持揮使 ) 조정 은 ・ 우상 도지휘사 ( 右廂都持揮使 ) 장지업 ( 이인한 의 조카 ) ・ 아내 지휘사 ( 牙內持揮使 ) 무장 ( 武漳 ) ・ 효예지휘사 ( 驍銳持揮使 ) 이정후 ( 李廷厚 ) 등 의 몇몇 장령 들 이 지휘 하 는 분견대 를 성도 에 남겨 후당 에서 새로 임명 한 서천절도사 ( 西川節度使 , 본부 는 지금 의 쓰촨 성  청두 시 ) 맹지상 의 도착 을 기다리 고 도착 하 게 하 였 다 . 	맹지상	청두 시	37
본래 손기정 의 모교 인 양정고등학교 가 있 던 자리 였 으나 , 1987 년  서울특별시 양천구 목동 으로 학교 를 이전 한 후 그 학교 를 헐 은 자리 에 손기정공원 을 조성 하 여 1987 년 9 월 18 일 개원 하 였 다 . 	손기정	서울특별시	37
2003 년 4 월 26 일 동성애자 인권 연대 의 회원 이 자 시인 인 육우당 이 죽 자 4 월 부터 육우당 , 오세인 추모제 가 동성애자 인권 연대 및 동성애자 단체 , 인권 단체 , 시민 단체 등 에 의해 서울특별시 에서 해 마다 개최 되 었 다 . 	육우당	서울특별시	37
본관 은 안동 김 씨 ( 安東 ) 이 고 서울특별시 출생 이 며 문학 평론가  김기진 ( 金八峯 ) 의 딸 이 다 . 	김기진	서울특별시	37
 대구광역시 출생 이 며 독립 운동가 이상정 ( 李相定 ) , 시인 이상화 ( 李相和 ) , 사학자 이상백 ( 李相佰 ) 의 아우 인 그 는 국가재건최고회의 혁명 검찰 부장 을 지낸 대한민국 육군 준장 출신 이 자 자유월 보사 사장 을 지낸 박창암 ( 朴蒼巖 ) 의 장인 이 기 도 하 다 . 	이상화	대구광역시	37
 대구광역시 출생 이 며 독립 운동가 이상정 ( 李相定 ) , 시인 이상 화 ( 李相和 ) , 사학자 이상백 ( 李相佰 ) 의 아우 인 그 는 국가재건최고회의 혁명 검찰 부장 을 지낸 대한민국 육군 준장 출신 이 자 자유월 보사 사장 을 지낸 박창암 ( 朴蒼巖 ) 의 장인 이 기 도 하 다 . 	이상정	대구광역시	37
쑨원 ( 孫文 ) 과 사이 에서 1906 년 에 얻 은 그녀 의 딸 미야가와 후미코 ( 宮川 富美子 ) 는 1927 년 일본 남성 과 결혼 하 여 그 와 의 사이 에서 2 남 을 두 었 으며 1951 년 에 남편 과 아들 둘 을 비롯 한 일가족 을 데리 고 중화민국  타이베이 시 로 이주 하 였 다 . 	미야가와 후미코	타이베이 시	37
김시민 장군 전공비 ( 金時敏將軍戰功碑 ) 는 경상남 도  진주시 , 진주 성 에 있 는 조선 시대 의 김시민 장군 전공비 이 다 . 	김시민	진주시	37
그 뒤 시애틀 에 위치 한 보잉 에서 공학자 로서 의 일 을 했 다 . 	보잉	시애틀	37
 서울특별시 출생 이 며 경기도 광주시 에서 잠시 유년기 를 보낸 적 이 있 는 그 는 여성 영화 배우  최은희 ( 崔銀姬 ) 의 남동생 이 고 영화 감독 신상옥 ( 申相玉 ) 의 처남 이 다 . 	최은희	서울특별시	37
 김응천 ( 金應天 , 1935 년 3 월 2 일 ~ 2001 년 6 월 11 일 ) 은 대한민국  서울특별시 에서 출생 한 영화 감독 겸 영화 각본 이 다 . 	김응천	서울특별시	37
세월 호 참사 와 관련 해 유병언 이 두 달 가까이 검찰 의 수사망 을 피해 온 가운데 , 2014 년 6 월 12 일 전라남도  순천시 에서 발견 된 남성 변사체 가 유병언 이 확실 한 것 으로 결론 내려졌 다 . 	유병언	순천시	37
일부 경찰 및 지역 주민 들 은 해당 시신 이 유병언 이 아닌 인근 을 배회 하 던 노숙 인 일 가능 성 을 제기 하 였 으나 , 국립 과학 수사 연구소 측 이 시신 의 유전자 를 채취 , 분석 한 결과 안성시 금수원 및 순천시 송치재 별장 에서 채취 된 유병언 의 유전자 와 완벽 하 게 일치 되 며 그 의 형 유병일 의 유전자 와 도 일치점 이 있 는 것 으로 판명 되 었 고 , 경찰 은 변사체 의 유전자 감식 과 지문 확인 을 통해 해당 시신 이 유병언 전 세모그룹 회장 의 것 임 을 확인 했 다고 최종 발표 하 였 다 . 	유병언	순천시	37
그러나 이듬해 1916 년 3 월 22 일 아버지 위안스카이 ( 袁世凱 ) 가 중국 국민당 의 항거 를 견디 지 못하 고 보위 에서 쫓겨남 으로 인하 여 중화 제국 멸망 직후 중화민국 이 재 성립 되 고 나 서 그 해 ( 1916 년 ) 6 월 6 일 아버지 위안스카이 ( 袁世凱 ) 가 베이징 시 에서 요독증 으로 병사 한 이후 그 는 다시 장기 ( 將棋 ) 및 마작 ( 麻雀 ) 유단자 로서 일생 을 지내 었 다 . 	위안스카이	베이징 시	37
전 전관 ( 그 는 이어 전원관 으로 개명 하 였 다 ) 이 나라 를 통치 하 였 고 , 한동안 은 후당 의 신하 로서 오직 진해군 ( 鎭海軍 , 본부 는 지금 의 저장 성  항저우 시 ) ・ 진동군 ( 鎭東軍 , 본부 는 지금 의 저장 성 사오싱 시 ) 2 진 의 절도사 의 직함 만 을 자칭 하 였 다 . 	전원관	항저우 시	37
김장생 문묘 배향 교지 ( 金長生 文廟配享 敎旨 ) 는 충청남도  논산시 에 있 는 , 조선 중기 의 대 학자 인 시계 김장생 ( 1548 ∼ 1631 ) 선생 을 문묘 에 제사 지내 도록 숙종 43 년 ( 1717 ) 에 내린 교지 이 다 . 	김장생	논산시	37
이후 장징궈 는 1935 년 소비에트 연방 여성 과 재혼 하 였 고 다른 한편 그녀 도 1928 년 에 중화민국 으로 귀국 을 하 여 아버지 펑위샹 이 정하 여 준 중화민국 남자 과 결혼 후 1948 년 부친상 ( 父親喪 ) 을 치르 고 1949 년 중국 국민당 이 중국 대륙 에서 타이완 으로 패퇴 하 여 중화인민공화국 정부 가 중국 대륙 에 세워 진 이후 에 도 중국 대륙 에서 계속 거주 하 였 고 2 번 째 남편 이 중국 대륙 에서 중화인민공화국 외교관 으로 입직 하 여 외교관 의 부인 신분 을 유지 하 며 친정 계모 리더취안 前 중국 인민 정치 협상 회의 부의장 의 비서관 직위 를 지내 다가 사퇴 , 이후 로 도 중화인민공화국 베이징 시 ( 北京 ) 에서 천수 를 누리 다가 1979 년  베이징 시 에서 별세 하 였 다 . 	리더취안	베이징 시	37
이후 장징궈 는 1935 년 소비에트 연방 여성 과 재혼 하 였 고 다른 한편 그녀 도 1928 년 에 중화민국 으로 귀국 을 하 여 아버지 펑위샹 이 정하 여 준 중화민국 남자 과 결혼 후 1948 년 부친상 ( 父親喪 ) 을 치르 고 1949 년 중국 국민당 이 중국 대륙 에서 타이완 으로 패퇴 하 여 중화인민공화국 정부 가 중국 대륙 에 세워 진 이후 에 도 중국 대륙 에서 계속 거주 하 였 고 2 번 째 남편 이 중국 대륙 에서 중화인민공화국 외교관 으로 입직 하 여 외교관 의 부인 신분 을 유지 하 며 친정 계모 리더취안 前 중국 인민 정치 협상 회의 부의장 의 비서관 직위 를 지내 다가 사퇴 , 이후 로 도 중화인민공화국  베이징 시 ( 北京 ) 에서 천수 를 누리 다가 1979 년 베이징 시 에서 별세 하 였 다 . 	리더취안	베이징 시	37
 베이징 시 에서 태어났 고 , 태어나 자마자 쑨원 이 건국 한 중화민국 이 장제스 시대 까지 유지 되 다가 , 마오쩌둥 에 의해 서 중화인민공화국 이 건국 되 면서 중화민국 이 타이완 으로 천도 해 야 했 다 . 	쑨원	베이징 시	37
 베이징 시 에서 태어났 고 , 태어나 자마자 쑨원 이 건국 한 중화민국 이 장제스 시대 까지 유지 되 다가 , 마오쩌둥 에 의해 서 중화인민공화국 이 건국 되 면서 중화민국 이 타이완 으로 천도 해 야 했 다 . 	마오쩌둥	베이징 시	37
중화민국 후베이 성 샤오간 시 출생 이 며 1943 년 베이징 시 ( 北平 ) 에서 장웨이궈 와 결혼 하 였 으나 슬하 에 자녀 가 없 었 고 1949 년 중국 국민당 이 중국 공산당 에 패퇴 하 자 친정 일가족 들 , 그리고 시댁 일가족 들 과 함께 중국 대륙 에서 타이완  타이베이 시 로 이주 했 으며 1953 년 심장 쇠약 증세 로 인하 여 향년 35 세 로 사망 했 다 . 	장웨이궈	타이베이 시	37
그녀 의 사후 장제스 ( 蔣介石 ) 의 前 첩 ( 側室 ) 야오 예청 ( 姚冶誠 ) 의 손 에서 자란 장샤오옌 ( 章孝嚴 ) 과 장샤오쯔 ( 章孝慈 ) 두 쌍둥이 형제 는 1949 년 중국 국민당 이 중국 공산당 으로부터 패퇴 하 자 야오 예청 ( 姚冶誠 ) 과 할아버지 장제스 ( 蔣介石 ) 를 따라 중국 대륙 에서 타이완  타이베이 시 로 이주 했 으며 1975 년 4 월 5 일 장제스 ( 蔣介石 ) 가 병사 하 였 고 13 년 후 1988 년 1 월 13 일 장징궈 ( 蔣經國 ) 가 병사 하 였 으며 8 년 후 1996 년 2 월 24 일 아들 장샤오쯔 ( 章孝慈 ) 가 병사 하 였 는데 그 로부터 11 년 후 2007 년 3 월 31 일 을 기하 여 아들 장샤오옌 ( 章孝嚴 ) 이 장제스 ( 蔣介石 ) 집안 의 장 ( 蔣 ) 씨 성 ( 姓 ) 을 회복 하 게 된 동시 에 1996 년 사망 한 아들 장샤오쯔 ( 章孝慈 ) 또한 장제스 	장샤오쯔	타이베이 시	37
그녀 의 사후 장제스 ( 蔣介石 ) 의 前 첩 ( 側室 ) 야오 예청 ( 姚冶誠 ) 의 손 에서 자란 장샤오옌 ( 章孝嚴 ) 과 장샤오쯔 ( 章孝慈 ) 두 쌍둥이 형제 는 1949 년 중국 국민당 이 중국 공산당 으로부터 패퇴 하 자 야오예청 ( 姚冶誠 ) 과 할아버지 장제스 ( 蔣介石 ) 를 따라 중국 대륙 에서 타이완  타이베이 시 로 이주 했 으며 1975 년 4 월 5 일 장제스 ( 蔣介石 ) 가 병사 하 였 고 13 년 후 1988 년 1 월 13 일 장징궈 ( 蔣經國 ) 가 병사 하 였 으며 8 년 후 1996 년 2 월 24 일 아들 장샤오쯔 ( 章孝慈 ) 가 병사 하 였 는데 그 로부터 11 년 후 2007 년 3 월 31 일 을 기하 여 아들 장샤오옌 ( 章孝嚴 ) 이 장제스 ( 蔣介石 ) 집안 의 장 ( 蔣 ) 씨 성 ( 姓 ) 을 회복 하 게 된 동시 에 1996 년 사망 한 아들 장샤오쯔 ( 章孝慈 ) 또한 장제스 	야오예청	타이베이 시	37
그녀 의 사후 장제스 ( 蔣介石 ) 의 前 첩 ( 側室 ) 야오 예청 ( 姚冶誠 ) 의 손 에서 자란 장샤오옌 ( 章孝嚴 ) 과 장샤오쯔 ( 章孝慈 ) 두 쌍둥이 형제 는 1949 년 중국 국민당 이 중국 공산당 으로부터 패퇴 하 자 야오 예청 ( 姚冶誠 ) 과 할아버지 장제스 ( 蔣介石 ) 를 따라 중국 대륙 에서 타이완  타이베이 시 로 이주 했 으며 1975 년 4 월 5 일 장제스 ( 蔣介石 ) 가 병사 하 였 고 13 년 후 1988 년 1 월 13 일 장징궈 ( 蔣經國 ) 가 병사 하 였 으며 8 년 후 1996 년 2 월 24 일 아들 장샤오쯔 ( 章孝慈 ) 가 병사 하 였 는데 그 로부터 11 년 후 2007 년 3 월 31 일 을 기하 여 아들 장샤오옌 ( 章孝嚴 ) 이 장제스 ( 蔣介石 ) 집안 의 장 ( 蔣 ) 씨 성 ( 姓 ) 을 회복 하 게 된 동시 에 1996 년 사망 한 아들 장샤오쯔 ( 章孝慈 ) 또한 장제스 	장제스	타이베이 시	37
그녀 의 사후 장제스 ( 蔣介石 ) 의 前 첩 ( 側室 ) 야오 예청 ( 姚冶誠 ) 의 손 에서 자란 장샤오옌 ( 章孝嚴 ) 과 장샤오쯔 ( 章孝慈 ) 두 쌍둥이 형제 는 1949 년 중국 국민당 이 중국 공산당 으로부터 패퇴 하 자 야오 예청 ( 姚冶誠 ) 과 할아버지 장제스 ( 蔣介石 ) 를 따라 중국 대륙 에서 타이완  타이베이 시 로 이주 했 으며 1975 년 4 월 5 일 장제스 ( 蔣介石 ) 가 병사 하 였 고 13 년 후 1988 년 1 월 13 일  장징궈 ( 蔣經國 ) 가 병사 하 였 으며 8 년 후 1996 년 2 월 24 일 아들 장샤오쯔 ( 章孝慈 ) 가 병사 하 였 는데 그 로부터 11 년 후 2007 년 3 월 31 일 을 기하 여 아들 장샤오옌 ( 章孝嚴 ) 이 장제스 ( 蔣介石 ) 집안 의 장 ( 蔣 ) 씨 성 ( 姓 ) 을 회복 하 게 된 동시 에 1996 년 사망 한 아들 장샤오쯔 ( 章孝慈 ) 또한 장제스 	장징궈	타이베이 시	37
그녀 의 사후 장제스 ( 蔣介石 ) 의 前 첩 ( 側室 ) 야오 예청 ( 姚冶誠 ) 의 손 에서 자란 장샤오옌 ( 章孝嚴 ) 과 장샤오쯔 ( 章孝慈 ) 두 쌍둥이 형제 는 1949 년 중국 국민당 이 중국 공산당 으로부터 패퇴 하 자 야오 예청 ( 姚冶誠 ) 과 할아버지 장제스 ( 蔣介石 ) 를 따라 중국 대륙 에서 타이완  타이베이 시 로 이주 했 으며 1975 년 4 월 5 일  장제스 ( 蔣介石 ) 가 병사 하 였 고 13 년 후 1988 년 1 월 13 일 장징궈 ( 蔣經國 ) 가 병사 하 였 으며 8 년 후 1996 년 2 월 24 일 아들 장샤오쯔 ( 章孝慈 ) 가 병사 하 였 는데 그 로부터 11 년 후 2007 년 3 월 31 일 을 기하 여 아들 장샤오옌 ( 章孝嚴 ) 이 장제스 ( 蔣介石 ) 집안 의 장 ( 蔣 ) 씨 성 ( 姓 ) 을 회복 하 게 된 동시 에 1996 년 사망 한 아들 장샤오쯔 ( 章孝慈 ) 또한 장제스 	장제스	타이베이 시	37
그녀 의 사후 장제스 ( 蔣介石 ) 의 前 첩 ( 側室 ) 야오예청 ( 姚冶誠 ) 의 손 에서 자란 장샤오옌 ( 章孝嚴 ) 과 장샤오쯔 ( 章孝慈 ) 두 쌍둥이 형제 는 1949 년 중국 국민당 이 중국 공산당 으로부터 패퇴 하 자 야오 예청 ( 姚冶誠 ) 과 할아버지 장제스 ( 蔣介石 ) 를 따라 중국 대륙 에서 타이완  타이베이 시 로 이주 했 으며 1975 년 4 월 5 일 장제스 ( 蔣介石 ) 가 병사 하 였 고 13 년 후 1988 년 1 월 13 일 장징궈 ( 蔣經國 ) 가 병사 하 였 으며 8 년 후 1996 년 2 월 24 일 아들 장샤오쯔 ( 章孝慈 ) 가 병사 하 였 는데 그 로부터 11 년 후 2007 년 3 월 31 일 을 기하 여 아들 장샤오옌 ( 章孝嚴 ) 이 장제스 ( 蔣介石 ) 집안 의 장 ( 蔣 ) 씨 성 ( 姓 ) 을 회복 하 게 된 동시 에 1996 년 사망 한 아들 장샤오쯔 ( 章孝慈 ) 또한 장제스 	야오예청	타이베이 시	37
황길신 의 8 세손 황종해 ( 黃宗海 ) 는 정구 ( 鄭逑 ) 의 문하 에서 글 을 배웠 고 , 광해군 때 폐모 론 이 일어나 자 과거 를 단념 한 후 연산 ( 현재 의 충청남도  논산시 ) 의 김장생 ( 金長生 ) 을 찾아가 서 예학 을 강의 받 았 다 . 	김장생	논산시	37
교황 비오 12 세 의 치세 부터 주목 을 받 기 시작 한 그녀 는 교황 요한 23세 의 치세 에 이르 기 까지 바티칸 시국 내 에서 추기경 에 대해 큰 영향력 을 행사 하 고 , 교황 요한 23 세 와 는 제 2 차 바티칸 공의회 에 대한 문제 로 인해 자주 충돌 을 빚 는 등 의 이유 로 , 이른바 여교황 ( ) 이 라는 별명 까지 얻 었 다 . 	교황 요한 23세	바티칸 시국	37
교황 비오 12 세 의 치세 부터 주목 을 받 기 시작 한 그녀 는 교황 요한 23 세 의 치세 에 이르 기 까지 바티칸 시국 내 에서 추기경 에 대해 큰 영향력 을 행사 하 고 , 교황 요한 23세 와 는 제 2 차 바티칸 공의회 에 대한 문제 로 인해 자주 충돌 을 빚 는 등 의 이유 로 , 이른바 여교황 ( ) 이 라는 별명 까지 얻 었 다 . 	교황 요한 23세	바티칸 시국	37
 서울특별시 에서 아버지 황해 ( 본명 전홍구 ) 와 어머니 백설희 ( 본명 김희숙 ) 부부 의 슬하 4 남 1 녀 가운데 넷째 아들 이 자 막내 로 출생 한 그 는 1982 년 영화 《 대학 얄개 》 의 단역 으로 영화 배우 첫 데뷔 하 였 고 1985 년 시 으로 등단 하 였 으며 1988 년 둘 째 형 인 싱어 송라이터 겸 영화 배우 전영록 의 음반 에 작사 가 로 참여 하 여 작사 가 데뷔 하 였 고 1990 년 가수 데뷔 하 였 으며 이듬해 1991 년 에 는 뮤지컬 《 포기와 베스 》 에서 베스 역 으로 주연 한 여 가수 정수라 와 아울러 포기 역 으로 주연 하 여 뮤지컬 배우 데뷔 하 였 다 . 	백설희	서울특별시	37
 서울특별시 에서 아버지 황해 ( 본명 전홍구 ) 와 어머니 백설희 ( 본명 김희숙 ) 부부 의 슬하 4 남 1 녀 가운데 넷째 아들 이 자 막내 로 출생 한 그 는 1982 년 영화 《 대학 얄개 》 의 단역 으로 영화 배우 첫 데뷔 하 였 고 1985 년 시 으로 등단 하 였 으며 1988 년 둘 째 형 인 싱어 송라이터 겸 영화 배우 전영록 의 음반 에 작사 가 로 참여 하 여 작사 가 데뷔 하 였 고 1990 년 가수 데뷔 하 였 으며 이듬해 1991 년 에 는 뮤지컬 《 포기와 베스 》 에서 베스 역 으로 주연 한 여 가수 정수라 와 아울러 포기 역 으로 주연 하 여 뮤지컬 배우 데뷔 하 였 다 . 	황해	서울특별시	37
1963 년 3 월 8 일 , 미국  테네시 주 : en : Madison , Tennessee 으로 가 던 중 내슈빌 에서 교통 사고 로 29 세 의 첫째 아들 재키 앵글린 ( Jackie Anglin ) , 그리고 31 세 의 미국 컨트리 음악 가수  팻시 클라인 ( Patsy Cline ) 과 함께 사망 하 였 으니 그 의 나이 향년 47 세 였 다 . 	팻시 클라인	테네시 주	37
본관 은 전주 이 씨 이 고 호 는 비촌 ( 飛村 ) 이 며 경기도  양주시 에서 조선 선조 의 친서 손자 ( 親庶孫子 ) 이 자 의안군 의 양자 ( 養 子 ) 인 능원대군 의 직계 후손 으로 출생 한 그 는 일제 강점기 말기 시기 이 던 1941 년 중국 대륙 에서 한국광복군 에 소위 계급 으로 입대 를 하 여 1943 년 한국광복군 중위 로 진급 을 하 였 고 이후 1945 년 8 월 15 일 을 기하 여 제 2 차 세계 대전 이 종전 될 시기 까지 김동석 · 고정훈 등 과 아울러 한국광복군 중위 신분 으로 복무 를 하 였 으며 상하이 시 에서 8 · 15 광복 을 목도 하 였 고 같 은 해 1945 년 10 월 에 귀국 을 하 였 으며 이듬해 1946 년 군사 영어 학교 를 1 기 로 졸업 하 여 대한민국 육군 대위 로 임관 하 였 고 대한민국 시기 와 대한민국 	능원대군	양주시	37
1936 년 캐나다 에서 가수 첫 데뷔 하 였 고 1945 년  조니 라이트 ( Johnnie Wright ) 등 의 초청 을 받 아 일가족 과 함께 미국  테네시 주 내슈빌 로 건너갔 으며 이후 1958 년 미국 미국 시민 권 을 취득 하 였 다 . 	조니 라이트	테네시 주	37
 이호영 베드로 는 1925 년 7 월 5 일 에 로마 성 베드로 대 성당 에서 교황 비오 11 세 가 집전 한 79 위 시복 을 통해 복자 품 에 올랐 고 , 1984 년 5 월 6 일 에 서울특별시 여의도 에서 한국 천주교 창립 200 주년 을 기념 하 여 방한 한 교황 요한 바오로 2 세 가 집전 한 미사 중 이뤄진 103 위 시성 을 통해 성인 품 에 올랐 다 . 	이호영 베드로	서울특별시	37
 정국보 프로 타 시 오 는 1984 년 5 월 6 일  서울특별시 여의도 광장 에서 교황 요한 바오로 2 세 성하 에 의해 시성 되 었 다 . 	정국보	서울특별시	37
김업 이 막달레나 와 김아기 아가타 그리고 한아기 바르바라 는 1925 년 7 월 5 일 에 로마 성 베드로 대 성당 에서 교황 비오 11 세 가 집전 한 79 위 시복 을 통해 복자 품 에 올랐 고 , 1984 년 5 월 6 일 에 서울특별시 여의도 에서 한국 천주교 창립 200 주년 을 기념 하 여 방한 한 교황 요한 바오로 2 세 가 집전 한 미사 중 이뤄진 103 위 시성 을 통해 성인 품 에 올랐 다 . 	김아기	서울특별시	37
 박아기 안나 는 1925 년 7 월 5 일 에 로마 성 베드로 대 성당 에서 교황 비오 11 세 가 집전 한 79 위 시복 을 통해 복자 품 에 올랐 고 , 1984 년 5 월 6 일 에 서울특별시 여의도 에서 한국 천주교 창립 200 주년 을 기념 하 여 방한 한 교황 요한 바오로 2 세 가 집전 한 미사 중 이뤄진 103 위 시성 을 통해 성인 품 에 올랐 다 . 	박아기	서울특별시	37
 이소사 아가타 는 1925 년 7 월 5 일 에 로마 성 베드로 광장 에서 교황 비오 11 세 가 집전 한 79 위 시복 을 통해 복자 품 에 올랐 고 , 1984 년 5 월 6 일 에 서울특별시 여의도 에서 한국 천주교 창립 200 주년 을 기념 하 여 방한 한 교황 요한 바오로 2 세 가 집전 한 미사 중 이뤄진 103 위 시성 을 통해 성인 품 에 올랐 다 . 	이소사	서울특별시	37
 김업이 막달레나 와 김아기 아가타 그리고 한아기 바르바라 는 1925 년 7 월 5 일 에 로마 성 베드로 광장 에서 교황 비오 11 세 가 집전 한 79 위 시복 을 통해 복자 품 에 올랐 고 , 1984 년 5 월 6 일 에 서울특별시 여의도 에서 한국 천주교 창립 200 주년 을 기념 하 여 방한 한 교황 요한 바오로 2 세 가 집전 한 미사 중 이뤄진 103 위 시성 을 통해 성인 품 에 올랐 다 . 	김업이	서울특별시	37
 이광헌 아우구스티노 는 1925 년 7 월 5 일 에 로마 성 베드로 대 성당 에서 교황 비오 11 세 가 집전 한 79 위 시복 을 통해 복자 품 에 올랐 고 , 1984 년 5 월 6 일 에 서울특별시 여의도 에서 한국 천주교 창립 200 주년 을 기념 하 여 방한 한 교황 요한 바오로 2 세 가 집전 한 미사 중 이뤄진 103 위 시성 을 통해 성인 품 에 올랐 다 . 	이광헌	서울특별시	37
성 김업 이 막달레나 와 성 김아기 아가타 그리고 성 한아기 바르바라 는 1925 년 7 월 5 일 에 로마 성 베드로 대 성당 에서 교황 비오 11 세 가 집전 한 79 위 시복 을 통해 복자 품 에 올랐 고 , 1984 년 5 월 6 일 에 서울특별시 여의도 에서 한국 천주교 창립 200 주년 을 기념 하 여 방한 한 교황 요한 바오로 2 세 가 집전 한 미사 중 이뤄진 103 위 시성 을 통해 성인 품 에 올랐 다 . 	한아기	서울특별시	37
 박희순 루치아 와 박큰아기 마리아 는 1925 년 7 월 5 일 에 로마 성 베드로 광장 에서 교황 비오 11 세 가 집전 한 79 위 시복 을 통해 복자 품 에 올랐 고 , 1984 년 5 월 6 일 에 서울특별시 여의도 에서 한국 천주교 창립 200 주년 을 기념 하 여 방한 한 교황 요한 바오로 2 세 가 집전 한 미사 중 이뤄진 103 위 시성 을 통해 성인 품 에 올랐 다 . 	박희순 루치아	서울특별시	37
 남명혁 다미아노 는 1925 년 7 월 5 일 에 로마 성 베드로 광장 에서 교황 비오 11 세 가 집전 한 79 위 시복 을 통해 복자 품 에 올랐 고 , 1984 년 5 월 6 일 에 서울특별시 여의도 에서 한국 천주교 창립 200 주년 을 기념 하 여 방한 한 교황 요한 바오로 2 세 가 집전 한 미사 중 이뤄진 103 위 시성 을 통해 성인 품 에 올랐 다 . 	남명혁	서울특별시	37
 권득인 베드로 는 1925 년 7 월 5 일 에 성 베드로 광장 에서 교황 비오 11 세 가 집전 한 79 위 시복 을 통해 복자 품 에 올랐 고 , 1984 년 5 월 6 일 에 서울특별시 여의도 에서 한국 천주교 전래 200 주년 을 기념 하 여 방한 한 교황 요한 바오로 2 세 가 집전 한 미사 중 이뤄진 103 위 시성 을 통해 성인 품 에 올랐 다 . 	권득인	서울특별시	37
 김 바르바라 는 1925 년 7 월 5 일 에 로마 성 베드로 광장 에서 교황 비오 11 세 가 집전 한 79 위 시복 을 통해 복자 품 에 올랐 고 , 1984 년 5 월 6 일 에 서울특별시 여의도 광장 에서 한국 천주교 창립 200 주년 을 기념 하 여 방한 한 교황 요한 바오로 2 세 가 집전 한 미사 중 이뤄진 103 위 시성 을 통해 성인 품 에 올랐 다 . 	김 바르바라	서울특별시	37
 이 바르바라 는 1925 년 7 월 5 일 에 로마 성 베드로 대 성당 에서 교황 비오 11 세 가 집전 한 79 위 시복 을 통해 복자 품 에 올랐 고 , 1984 년 5 월 6 일 에 서울특별시 여의도 에서 한국 천주교 창립 200 주년 을 기념 하 여 방한 한 교황 요한 바오로 2 세 가 집전 한 미사 중 이뤄진 103 위 시성 을 통해 성인 품 에 올랐 다 . 	이 바르바라	서울특별시	37
 김 로사 는 1925 년 7 월 5 일 에 성 베드로 광장 에서 교황 비오 11 세 가 집전 한 79 위 시복 을 통해 복자 품 에 올랐 고 , 1984 년 5 월 6 일 에 서울특별시 여의도 에서 한국 천주교 창립 200 주년 을 기념 하 여 방한 한 교황 요한 바오로 2 세 가 집전 한 미사 중 이뤄진 103 위 시성 을 통해 성인 품 에 올랐 다 . 	김 로사	서울특별시	37
 김성임 마르타 는 1925 년 7 월 5 일 에 로마 성 베드로 대 성당 에서 교황 비오 11 세 가 집전 한 79 위 시복 을 통해 복자 품 에 올랐 고 , 1984 년 5 월 6 일 에 서울특별시 여의도 에서 한국 천주교 창립 200 주년 을 기념 하 여 방한 한 교황 요한 바오로 2 세 가 집전 한 미사 중 이뤄진 103 위 시성 을 통해 성인 품 에 올랐 다 . 	김성임	서울특별시	37
 이매임 테레사 는 1925 년 7 월 5 일 에 로마 성 베드로 광장 에서 교황 비오 11 세 가 집전 한 79 위 시복 을 통해 복자 품 에 올랐 고 , 1984 년 5 월 6 일 에 서울특별시 여의도 에서 한국 천주교 창립 200 주년 을 기념 하 여 방한 한 교황 요한 바오로 2 세 가 집전 한 미사 중 이뤄진 103 위 시성 을 통해 성인 품 에 올랐 다 . 	이매임	서울특별시	37
 김장금 안나 는 1925 년 7 월 5 일 에 로마 성 베드로 대 성당 에서 교황 비오 11 세 가 집전 한 79 위 시복 을 통해 복자 품 에 올랐 고 , 1984 년 5 월 6 일 에 서울특별시 여의도 에서 한국 천주교 창립 200 주년 을 기념 하 여 방한 한 교황 요한 바오로 2 세 가 집전 한 미사 중 이뤄진 103 위 시성 을 통해 성인 품 에 올랐 다 . 	김장금	서울특별시	37
 이광렬 요한 은 1925 년 7 월 5 일 에 로마 성 베드로 광장 에서 교황 비오 11 세 가 집전 한 79 위 시복 을 통해 복자 품 에 올랐 고 , 1984 년 5 월 6 일 에 서울특별시 여의도 에서 한국 천주교 창립 200 주년 을 기념 하 여 방한 한 교황 요한 바오로 2 세 가 집전 한 미사 중 이뤄진 103 위 시성 을 통해 성인 품 에 올랐 다 . 	이광렬	서울특별시	37
 이영희 막달레나 는 1925 년 7 월 5 일 에 로마 성 베드로 광장 에서 교황 비오 11 세 가 집전 한 79 위 시복 을 통해 복자 품 에 올랐 고 , 1984 년 5 월 6 일 에 서울특별시 여의도 에서 한국 천주교 창립 200 주년 을 기념 하 여 방한 한 교황 요한 바오로 2 세 가 집전 한 미사 중 이뤄진 103 위 시성 을 통해 성인 품 에 올랐 다 . 	이영희 막달레나	서울특별시	37
 김 루치아 는 1925 년 7 월 5 일 에 성 베드로 광장 에서 교황 비오 11 세 가 집전 한 79 위 시복 을 통해 복자 품 에 올랐 고 , 1984 년 5 월 6 일 에 서울특별시 여의도 에서 한국 천주교 창립 200 주년 을 기념 하 여 방한 한 교황 요한 바오로 2 세 가 집전 한 미사 중 이뤄진 103 위 시성 을 통해 성인 품 에 올랐 다 . 	김 루치아	서울특별시	37
이후 방순희 선생 은 1979 년 5 월 4 일 , 서울특별시 강남구 압구정동 자택 에서 76 세 를 일기 로 서거 하 였 다 . 	방순희	서울특별시	37
박희순 루치아 와 박큰아기 마리아 는 1925 년 7 월 5 일 에 성 베드로 광장 에서 교황 비오 11 세 가 집전 한 79 위 시복 을 통해 복자 품 에 올랐 고 , 1984 년 5 월 6 일 에 서울특별시 여의도 에서 한국 천주교 창립 200 주년 을 기념 하 여 방한 한 교황 요한 바오로 2 세 가 집전 한 미사 중 에 이뤄진 103 위 시성 을 통해 성인 품 에 올랐 다 . 	박큰아기	서울특별시	37
 권희 바르바라 는 1925 년 7 월 5 일 에 로마 성 베드로 광장 에서 교황 비오 11 세 가 집전 한 79 위 시복 을 통해 복자 품 에 올랐 고 , 1984 년 5 월 6 일 에 서울특별시 여의도 에서 한국 천주교 창립 200 주년 을 기념 하 여 방한 한 교황 요한 바오로 2 세 가 집전 한 미사 중 이뤄진 103 위 시성 을 통해 성인 품 에 올랐 다 . 	권희	서울특별시	37
 박후재 요한 은 1925 년 7 월 5 일 에 성 베드로 광장 에서 교황 비오 11 세 가 집전 한 79 위 시복 을 통해 복자 품 에 올랐 고 , 1984 년 5 월 6 일 에 서울특별시 여의도 에서 한국 천주교 창립 200 주년 을 기념 하 여 방한 한 교황 요한 바오로 2 세 가 집전 한 미사 중 에 이뤄진 103 위 시성 을 통해 성인 품 에 올랐 다 . 	박후재	서울특별시	37
경주 진지왕릉 ( 慶州 眞智王陵 ) 은 경상북도  경주시 서악동 에 있 는 신라 의 진지왕 의 무덤 이 다 . 	진지왕	경주시	37
앵베르 라우렌시오 주교 와 피에르 모방 사제 그리고 샤스탕 야고보 신부 는 1925 년 7 월 5 일 에 로마 성 베드로 광장 에서 교황 비오 11 세 가 집전 한 79 위 시복 을 통해 복자 품 에 올랐 고 , 1984 년 5 월 6 일 에 서울특별시 여의도 에서 한국 천주교 창립 200 주년 을 기념 하 여 방한 한 교황 요한 바오로 2 세 가 집전 한 미사 중 에 이뤄진 103 위 시성 을 통해 성인 품 에 올랐 다 . 	피에르 모방	서울특별시	37
 유진길 아우구스티노 는 1925 년 7 월 5 일 에 성 베드로 광장 에서 교황 비오 11 세 가 집전 한 79 위 시복 을 통해 복자 품 에 올랐 고 , 1984 년 5 월 6 일 에 서울특별시 여의도 에서 한국 천주교 창립 200 주년 을 기념 하 여 방한 한 교황 요한 바오로 2 세 가 집전 한 미사 중 에 이뤄진 103 위 시성 을 통해 성인 품 에 올랐 다 . 	유진길	서울특별시	37
 허계임 막달레나 는 1925 년 7 월 5 일 에 로마 성 베드로 광장 에서 교황 비오 11 세 가 집전 한 79 위 시복 을 통해 복자 품 에 올랐 고 , 1984 년 5 월 6 일 에 서울특별시 여의도 에서 한국 천주교 창립 200 주년 을 기념 하 여 방한 한 교황 요한 바오로 2 세 가 집전 한 미사 중 에 이뤄진 103 위 시성 을 통해 성인 품 에 올랐 다 . 	허계임	서울특별시	37
 남이관 세바스티아노 는 1925 년 7 월 5 일 에 성 베드로 광장 에서 교황 비오 11 세 가 집전 한 79 위 시복 을 통해 복자 품 에 올랐 고 , 1984 년 5 월 6 일 에 서울특별시 여의도 에서 한국 천주교 창립 200 주년 을 기념 하 여 방한 한 교황 요한 바오로 2 세 가 집전 한 미사 중 에 이뤄진 103 위 시성 을 통해 성인 품 에 올랐 다 . 	남이관	서울특별시	37
 김 율리에타 는 1925 년 7 월 5 일 에 로마 성 베드로 광장 에서 교황 비오 11 세 가 집전 한 79 위 시복 을 통해 복자 품 에 올랐 고 , 1984 년 5 월 6 일 에 서울특별시 여의도 에서 한국 천주교 창립 200 주년 을 기념 하 여 방한 한 교황 요한 바오로 2 세 가 집전 한 미사 중 에 이뤄진 103 위 시성 을 통해 성인 품 에 올랐 다 . 	김 율리에타	서울특별시	37
 전경협 아가타 는 1925 년 7 월 5 일 에 성 베드로 광장 에서 교황 비오 11 세 가 집전 한 79 위 시복 을 통해 복자 품 에 올랐 고 , 1984 년 5 월 6 일 에 서울특별시 여의도 에서 한국 천주교 창립 200 주년 을 기념 하 여 방한 한 교황 요한 바오로 2 세 가 집전 한 미사 중 에 이뤄진 103 위 시성 을 통해 성인 품 에 올랐 다 . 	전경협	서울특별시	37
 조신철 가롤 로 는 1925 년 7 월 5 일 에 로마 성 베드로 광장 에서 교황 비오 11 세 가 집전 한 79 위 시복 을 통해 복자 품 에 올랐 고 , 1984 년 5 월 6 일 에 서울특별시 여의도 에서 한국 천주교 창립 200 주년 을 기념 하 여 방한 한 교황 요한 바오로 2 세 가 집전 한 미사 중 에 이뤄진 103 위 시성 을 통해 성인 품 에 올랐 다 . 	조신철	서울특별시	37
 김제준 이냐시오 는 1925 년 7 월 5 일 에 성 베드로 광장 에서 교황 비오 11 세 가 집전 한 79 위 시복 을 통해 복자 품 에 올랐 고 , 1984 년 5 월 6 일 에 서울특별시 여의도 에서 한국 천주교 창립 200 주년 을 기념 하 여 방한 한 교황 요한 바오로 2 세 가 집전 한 미사 중 에 이뤄진 103 위 시성 을 통해 성인 품 에 올랐 다 . 	김제준	서울특별시	37
 박봉손 막달레나 는 1925 년 7 월 5 일 에 로마 성 베드로 광장 에서 교황 비오 11 세 가 집전 한 79 위 시복 을 통해 복자 품 에 올랐 고 , 1984 년 5 월 6 일 에 서울특별시 여의도 에서 한국 천주교 창립 200 주년 을 기념 하 여 방한 한 교황 요한 바오로 2 세 가 집전 한 미사 중 에 이뤄진 103 위 시성 을 통해 성인 품 에 올랐 다 . 	박봉손	서울특별시	37
 홍금주 페르페투아 는 1925 년 7 월 5 일 에 성 베드로 광장 에서 교황 비오 11 세 가 집전 한 79 위 시복 을 통해 복자 품 에 올랐 고 , 1984 년 5 월 6 일 에 서울특별시 여의도 에서 한국 천주교 창립 200 주년 을 기념 하 여 방한 한 교황 요한 바오로 2 세 가 집전 한 미사 중 에 이뤄진 103 위 시성 을 통해 성인 품 에 올랐 다 . 	홍금주	서울특별시	37
 김효임 콜룸바 와 김효주 아녜스 자매 는 1925 년 7 월 5 일 에 로마 성 베드로 광장 에서 교황 비오 11 세 가 집전 한 79 위 시복 을 통해 복자 품 에 올랐 고 , 1984 년 5 월 6 일 에 서울특별시 여의도 에서 한국 천주교 창립 200 주년 을 기념 하 여 방한 한 교황 요한 바오로 2 세 가 집전 한 미사 중 에 이뤄진 103 위 시성 을 통해 성인 품 에 올랐 다 . 	김효임	서울특별시	37
 이 가타리나 와 조 막달레나 모녀 는 1925 년 7 월 5 일 에 로마 성 베드로 광장 에서 교황 비오 11 세 가 집전 한 79 위 시복 을 통해 복자 품 에 올랐 고 , 1984 년 5 월 6 일 에 서울특별시 여의도 에서 한국 천주교 창립 200 주년 을 기념 하 여 방한 한 교황 요한 바오로 2 세 가 집전 한 미사 중 에 이뤄진 103 위 시성 을 통해 성인 품 에 올랐 다 . 	이 가타리나	서울특별시	37
이 가타리 나 와 조 막달레나 모녀 는 1925 년 7 월 5 일 에 로마 성 베드로 광장 에서 교황 비오 11 세 가 집전 한 79 위 시복 을 통해 복자 품 에 올랐 고 , 1984 년 5 월 6 일 에 서울특별시 여의도 에서 한국 천주교 창립 200 주년 을 기념 하 여 방한 한 교황 요한 바오로 2 세 가 집전 한 미사 중 에 이뤄진 103 위 시성 을 통해 성인 품 에 올랐 다 . 	조 막달레나	서울특별시	37
이 카타리나 와 조 막달레나 모녀 는 1925 년 7 월 5 일 에 성 베드로 광장 에서 교황 비오 11 세 가 집전 한 79 위 시복 을 통해 복자 품 에 올랐 고 , 1984 년 5 월 6 일 에 서울특별시 여의도 에서 한국 천주교 창립 200 주년 을 기념 하 여 방한 한 교황 요한 바오로 2 세 가 집전 한 미사 중 에 이뤄진 103 위 시성 을 통해 성인 품 에 올랐 다 . 	조 막달레나	서울특별시	37
 유소사 체칠리아 는 1925 년 7 월 5 일 에 성 베드로 광장 에서 교황 비오 11 세 가 집전 한 79 위 시복 을 통해 복자 품 에 올랐 고 , 1984 년 5 월 6 일 에 서울특별시 여의도 에서 한국 천주교 창립 200 주년 을 기념 하 여 방한 한 교황 요한 바오로 2 세 가 집전 한 미사 중 에 이뤄진 103 위 시성 을 통해 성인 품 에 올랐 다 . 	유소사	서울특별시	37
 최창흡 베드로 는 1925 년 7 월 5 일 에 로마 성 베드로 광장 에서 교황 비오 11 세 가 집전 한 79 위 시복 을 통해 복자 품 에 올랐 고 , 1984 년 5 월 6 일 에 서울특별시 여의도 에서 한국 천주교 창립 200 주년 을 기념 하 여 방한 한 교황 요한 바오로 2 세 가 집전 한 미사 중 에 이뤄진 103 위 시성 을 통해 성인 품 에 올랐 다 . 	최창흡	서울특별시	37
 조증이 바르바라 는 1925 년 7 월 5 일 에 성 베드로 광장 에서 교황 비오 11 세 가 집전 한 79 위 시복 을 통해 복자 품 에 올랐 고 , 1984 년 5 월 6 일 에 서울특별시 여의도 에서 한국 천주교 창립 200 주년 을 기념 하 여 방한 한 교황 요한 바오로 2 세 가 집전 한 미사 중 에 이뤄진 103 위 시성 을 통해 성인 품 에 올랐 다 . 	조증이	서울특별시	37
 한영이 막달레나 는 1925 년 7 월 5 일 에 로마 성 베드로 광장 에서 교황 비오 11 세 가 집전 한 79 위 시복 을 통해 복자 품 에 올랐 고 , 1984 년 5 월 6 일 에 서울특별시 여의도 에서 한국 천주교 창립 200 주년 을 기념 하 여 방한 한 교황 요한 바오로 2 세 가 집전 한 미사 중 에 이뤄진 103 위 시성 을 통해 성인 품 에 올랐 다 . 	한영이	서울특별시	37
 현경련 베네딕타 는 1925 년 7 월 5 일 에 성 베드로 광장 에서 교황 비오 11 세 가 집전 한 79 위 시복 을 통해 복자 품 에 올랐 고 , 1984 년 5 월 6 일 에 서울특별시 여의도 에서 한국 천주교 창립 200 주년 을 기념 하 여 방한 한 교황 요한 바오로 2 세 가 집전 한 미사 중 에 이뤄진 103 위 시성 을 통해 성인 품 에 올랐 다 . 	현경련	서울특별시	37
 정정혜 엘리사벳 은 1925 년 7 월 5 일 에 로마 성 베드로 광장 에서 교황 비오 11 세 가 집전 한 79 위 시복 을 통해 복자 품 에 올랐 고 , 1984 년 5 월 6 일 에 서울특별시 여의도 에서 한국 천주교 창립 200 주년 을 기념 하 여 방한 한 교황 요한 바오로 2 세 가 집전 한 미사 중 에 이뤄진 103 위 시성 을 통해 성인 품 에 올랐 다 . 	정정혜	서울특별시	37
 고순이 바르바라 는 1925 년 7 월 5 일 에 성 베드로 광장 에서 교황 비오 11 세 가 집전 한 79 위 시복 을 통해 복자 품 에 올랐 고 , 1984 년 5 월 6 일 에 서울특별시 여의도 에서 한국 천주교 창립 200 주년 을 기념 하 여 방한 한 교황 요한 바오로 2 세 가 집전 한 미사 중 에 이뤄진 103 위 시성 을 통해 성인 품 에 올랐 다 . 	고순이	서울특별시	37
 김 테레사 는 1925 년 7 월 5 일 에 성 베드로 광장 에서 교황 비오 11 세 가 집전 한 79 위 시복 을 통해 복자 품 에 올랐 고 , 1984 년 5 월 6 일 에 서울특별시 여의도 에서 한국 천주교 창립 200 주년 을 기념 하 여 방한 한 교황 요한 바오로 2 세 가 집전 한 미사 중 에 이뤄진 103 위 시성 을 통해 성인 품 에 올랐 다 . 	김 테레사	서울특별시	37
 이 아가타 는 1925 년 7 월 5 일 에 로마 성 베드로 광장 에서 교황 비오 11 세 가 집전 한 79 위 시복 을 통해 복자 품 에 올랐 고 , 1984 년 5 월 6 일 에 서울특별시 여의도 에서 한국 천주교 창립 200 주년 을 기념 하 여 방한 한 교황 요한 바오로 2 세 가 집전 한 미사 중 에 이뤄진 103 위 시성 을 통해 성인 품 에 올랐 다 . 	이 아가타	서울특별시	37
 민극가 스테파노 는 1925 년 7 월 5 일 에 성 베드로 광장 에서 교황 비오 11 세 가 집전 한 79 위 시복 을 통해 복자 품 에 올랐 고 , 1984 년 5 월 6 일 에 서울특별시 여의도 에서 한국 천주교 창립 200 주년 을 기념 하 여 방한 한 교황 요한 바오로 2 세 가 집전 한 미사 중 에 이뤄진 103 위 시성 을 통해 성인 품 에 올랐 다 . 	민극가	서울특별시	37
 정화경 안드레아 는 1925 년 7 월 5 일 에 로마 성 베드로 광장 에서 교황 비오 11 세 가 집전 한 79 위 시복 을 통해 복자 품 에 올랐 고 , 1984 년 5 월 6 일 에 서울특별시 여의도 에서 한국 천주교 창립 200 주년 을 기념 하 여 방한 한 교황 요한 바오로 2 세 가 집전 한 미사 중 에 이뤄진 103 위 시성 을 통해 성인 품 에 올랐 다 . 	정화경	서울특별시	37
 허협 바오로 는 1925 년 7 월 5 일 에 성 베드로 광장 에서 교황 비오 11 세 가 집전 한 79 위 시복 을 통해 복자 품 에 올랐 고 , 1984 년 5 월 6 일 에 서울특별시 여의도 에서 한국 천주교 창립 200 주년 을 기념 하 여 방한 한 교황 요한 바오로 2 세 가 집전 한 미사 중 에 이뤄진 103 위 시성 을 통해 성인 품 에 올랐 다 . 	허협	서울특별시	37
 홍병주 베드로 와 홍영주 바오로 형제 는 1925 년 7 월 5 일 에 성 베드로 광장 에서 교황 비오 11 세 가 집전 한 79 위 시복 을 통해 복자 품 에 올랐 고 , 1984 년 5 월 6 일 에 서울특별시 여의도 에서 한국 천주교 창립 200 주년 을 기념 하 여 방한 한 교황 요한 바오로 2 세 가 집전 한 미사 중 에 이뤄진 103 위 시성 을 통해 성인 품 에 올랐 다 . 	홍병주	서울특별시	37
 손소벽 막달레나 는 1925 년 7 월 5 일 에 로마 성 베드로 광장 에서 교황 비오 11 세 가 집전 한 79 위 시복 을 통해 복자 품 에 올랐 고 , 1984 년 5 월 6 일 에 서울특별시 여의도 에서 한국 천주교 창립 200 주년 을 기념 하 여 방한 한 교황 요한 바오로 2 세 가 집전 한 미사 중 에 이뤄진 103 위 시성 을 통해 성인 품 에 올랐 다 . 	손소벽	서울특별시	37
 이경이 아가타 는 1925 년 7 월 5 일 에 성 베드로 광장 에서 교황 비오 11 세 가 집전 한 79 위 시복 을 통해 복자 품 에 올랐 고 , 1984 년 5 월 6 일 에 서울특별시 여의도 에서 한국 천주교 창립 200 주년 을 기념 하 여 방한 한 교황 요한 바오로 2 세 가 집전 한 미사 중 에 이뤄진 103 위 시성 을 통해 성인 품 에 올랐 다 . 	이경이	서울특별시	37
 이인덕 마리아 는 1925 년 7 월 5 일 에 로마 성 베드로 광장 에서 교황 비오 11 세 가 집전 한 79 위 시복 을 통해 복자 품 에 올랐 고 , 1984 년 5 월 6 일 에 서울특별시 여의도 에서 한국 천주교 창립 200 주년 을 기념 하 여 방한 한 교황 요한 바오로 2 세 가 집전 한 미사 중 에 이뤄진 103 위 시성 을 통해 성인 품 에 올랐 다 . 	이인덕	서울특별시	37
 권진이 아가타 는 1925 년 7 월 5 일 에 성 베드로 광장 에서 교황 비오 11 세 가 집전 한 79 위 시복 을 통해 복자 품 에 올랐 고 , 1984 년 5 월 6 일 에 서울특별시 여의도 에서 한국 천주교 창립 200 주년 을 기념 하 여 방한 한 교황 요한 바오로 2 세 가 집전 한 미사 중 에 이뤄진 103 위 시성 을 통해 성인 품 에 올랐 다 . 	권진이	서울특별시	37
홍병주 베드 로 와 홍영주 바오로 형제 는 1925 년 7 월 5 일 에 성 베드로 광장 에서 교황 비오 11 세 가 집전 한 79 위 시복 을 통해 복자 품 에 올랐 고 , 1984 년 5 월 6 일 에 서울특별시 여의도 에서 한국 천주교 창립 200 주년 을 기념 하 여 방한 한 교황 요한 바오로 2 세 가 집전 한 미사 중 에 이뤄진 103 위 시성 을 통해 성인 품 에 올랐 다 . 	홍영주	서울특별시	37
이문우 는 포도청 과 형조 에서 온갖 가혹 한 고문 과 형벌 을 이겨 내 고 , 1840 년 2 월 1 일  이문우 는 31 세 의 나이 로 오늘날 서울특별시 에 있 는 한양 근교 의 당고개역 로 압송 되 어 두 명 의 교우 와 함께 순교 하 였 다 . 	이문우	서울특별시	37
 이문우 는 포도청 과 형조 에서 온갖 가혹 한 고문 과 형벌 을 이겨 내 고 , 1840 년 2 월 1 일 이문우 는 31 세 의 나이 로 오늘날 서울특별시 에 있 는 한양 근교 의 당고개역 로 압송 되 어 두 명 의 교우 와 함께 순교 하 였 다 . 	이문우	서울특별시	37
 이문우 요한 은 1925 년 7 월 5 일 에 성 베드로 광장 에서 교황 비오 11 세 가 집전 한 79 위 시복 을 통해 복자 품 에 올랐 고 , 1984 년 5 월 6 일 에 서울특별시 여의도 에서 한국 천주교 창립 200 주년 을 기념 하 여 방한 한 교황 요한 바오로 2 세 가 집전 한 미사 중 에 이뤄진 103 위 시성 을 통해 성인 품 에 올랐 다 . 	이문우	서울특별시	37
 김성우 안토니오 는 1925 년 7 월 5 일 에 성 베드로 광장 에서 교황 비오 11 세 가 집전 한 79 위 시복 을 통해 복자 품 에 올랐 고 , 1984 년 5 월 6 일 에 서울특별시 여의도 에서 한국 천주교 창립 200 주년 을 기념 하 여 방한 한 교황 요한 바오로 2 세 가 집전 한 미사 중 에 이뤄진 103 위 시성 을 통해 성인 품 에 올랐 다 . 	김성우	서울특별시	37
 한이형 라우렌시오 는 1925 년 7 월 5 일 에 로마 성 베드로 광장 에서 교황 비오 11 세 가 집전 한 79 위 시복 을 통해 복자 품 에 올랐 고 , 1984 년 5 월 6 일 에 서울특별시 여의도 에서 한국 천주교 창립 200 주년 을 기념 하 여 방한 한 교황 요한 바오로 2 세 가 집전 한 미사 중 에 이뤄진 103 위 시성 을 통해 성인 품 에 올랐 다 . 	한이형	서울특별시	37
 우술임 수산나 는 1925 년 7 월 5 일 에 성 베드로 광장 에서 교황 비오 11 세 가 집전 한 79 위 시복 을 통해 복자 품 에 올랐 고 , 1984 년 5 월 6 일 에 서울특별시 여의도 에서 한국 천주교 창립 200 주년 을 기념 하 여 방한 한 교황 요한 바오로 2 세 가 집전 한 미사 중 에 이뤄진 103 위 시성 을 통해 성인 품 에 올랐 다 . 	우술임	서울특별시	37
 임치백 요셉 은 1925 년 7 월 5 일 에 로마 성 베드로 광장 에서 교황 비오 11 세 가 집전 한 79 위 시복 을 통해 복자 품 에 올랐 고 , 1984 년 5 월 6 일 에 서울특별시 여의도 에서 한국 천주교 창립 200 주년 을 기념 하 여 방한 한 교황 요한 바오로 2 세 가 집전 한 미사 중 에 이뤄진 103 위 시성 을 통해 성인 품 에 올랐 다 . 	임치백	서울특별시	37
추사 김정희 서신 ( 秋史 金正喜 書信 ) 은 경기도  과천시 중앙동 , 추사 박물관 에 있 는 , 조선 시대  김정희 의 서신 이 다 . 	김정희	과천시	37
 김임이 테레사 는 1925 년 7 월 5 일 에 성 베드로 광장 에서 교황 비오 11 세 가 집전 한 79 위 시복 을 통해 복자 품 에 올랐 고 , 1984 년 5 월 6 일 에 서울특별시 여의도 에서 한국 천주교 창립 200 주년 을 기념 하 여 방한 한 교황 요한 바오로 2 세 가 집전 한 미사 중 에 이뤄진 103 위 시성 을 통해 성인 품 에 올랐 다 . 	김임이	서울특별시	37
 정철염 카타리나 는 1925 년 7 월 5 일 에 성 베드로 광장 에서 교황 비오 11 세 가 집전 한 79 위 시복 을 통해 복자 품 에 올랐 고 , 1984 년 5 월 6 일 에 서울특별시 여의도 에서 한국 천주교 창립 200 주년 을 기념 하 여 방한 한 교황 요한 바오로 2 세 가 집전 한 미사 중 에 이뤄진 103 위 시성 을 통해 성인 품 에 올랐 다 . 	정철염	서울특별시	37
1949 년 12 월 7 일 이후 일가족 을 비롯 한 중국 국민당 의 일원 들 과 중국 국민당 지지자 들 을 동반 하 여 타이베이 시 로 건너간 그녀 는 결혼 61 년 째 가 되 던 1973 년 9 월 13 일 , 타이베이 시 에서 향년 78 세 로 별세 한 부군 쑨커 ( 孫科 ) 와 사별 하 였 다 . 	쑨커	타이베이 시	37
 전장운 요한 은 1968 년 10 월 6 일 에 성 베드로 대 성당 에서 교황 바오로 6 세 가 집전 한 24 위 시복 을 통해 복자 품 에 올랐 고 , 1984 년 5 월 6 일 에 서울특별시 여의도 에서 한국 천주교 창립 200 주년 을 기념 하 여 방한 한 교황 요한 바오로 2 세 가 집전 한 미사 중 에 이뤄진 103 위 시성 을 통해 성인 품 에 올랐 다 . 	전장운	서울특별시	37
 최형 베드로 는 1968 년 10 월 6 일 에 로마 성 베드로 대 성당 에서 교황 바오로 6 세 가 집전 한 24 위 시복 을 통해 복자 품 에 올랐 고 , 1984 년 5 월 6 일 에 서울특별시 여의도 에서 한국 천주교 창립 200 주년 을 기념 하 여 방한 한 교황 요한 바오로 2 세 가 집전 한 미사 중 에 이뤄진 103 위 시성 을 통해 성인 품 에 올랐 다 . 	최형	서울특별시	37
그 는 루쉰 ( 魯迅 ) 과 쉬광핑 ( 許廣平 ) 의 아들 이 며 중화인민공화국  상하이 시 출생 이 고 원적지 는 중화인민공화국 저장 성 사오싱 시 이 며 중국 인민 정치 협상 회의 전국 위원 을 지냈 다 . 	루쉰	상하이 시	37
 정의배 마르코 는 1968 년 10 월 6 일 에 성 베드로 대 성당 에서 교황 바오로 6 세 가 집전 한 24 위 시복 을 통해 복자 품 에 올랐 고 , 1984 년 5 월 6 일 에 서울특별시 여의도 에서 한국 천주교 창립 200 주년 을 기념 하 여 방한 한 교황 요한 바오로 2 세 가 집전 한 미사 중 에 이뤄진 103 위 시성 을 통해 성인 품 에 올랐 다 . 	정의배	서울특별시	37
 우세영 알렉시오 는 1968 년 10 월 6 일 에 로마 성 베드로 대 성당 에서 교황 바오로 6 세 가 집전 한 24 위 시복 을 통해 복자 품 에 올랐 고 , 1984 년 5 월 6 일 에 서울특별시 여의도 에서 한국 천주교 창립 200 주년 을 기념 하 여 방한 한 교황 요한 바오로 2 세 가 집전 한 미사 중 에 이뤄진 103 위 시성 을 통해 성인 품 에 올랐 다 . 	우세영	서울특별시	37
이 학교 의 이름 은 일제 강점기 시대 당시 행정 구역 이 었 던 경기도 양주군 노해면 창동리 ( 현 서울특별시 도봉구 창동 ) 에 살 았 던 독립 운동가 이 자 법률가 , 정치가 였 던 김병로 의 호 를 따 서 지어 졌 다 . 	김병로	서울특별시	37
 공주시 관찰사 는 손자선 이 의식 을 잃 을 때 까지 태형 을 가했 지만 , 손자선 은 결코 배교 치 않 았 다 . 	손자선	공주시	37
 오쿠 다이스케 ( , 1976 년 2 월 7 일 효고 현 아마가사키 시 ~ 2014 년 10 월 17 일 오키나와 현  미야코지마 시 ) 는 일본 의 전 축구 미드필더 였 다 . 	오쿠 다이스케	미야코지마 시	37
 두초 디 부오닌세냐 ( ) 는 13 세기 후반 과 14 세기 초반 시에나 에서 활동 한 이탈리아 의 화가 이 다 . 	두초	시에나	37
연고지 는 미주리 주 의 캔자스시티 였 으며 , 후일 미국 야구 명예 의 전당 에 입성 하 는 사첼 페이지 , 불렛 로건 , 재키 로빈슨 , 힐튼 스미스 , 앤디 쿠퍼 , 어니 뱅크스 등 도 이 팀 을 거쳐 갔 을 만큼 명문 팀 이 었 다 . 	사첼 페이지	캔자스시티	37
원래 는 오 고 쇼  도쿠가와 이에야스 의 사망지 인 슨푸 성 ( 오늘 날 의 시즈오카 시 아오이 구 ) 성하 ( 城下 ) 의 니조마치 유곽 일부 가 도쿄 로 옮겨 온 것 이 그 시초 이 다 . 	도쿠가와 이에야스	시즈오카 시	37
그녀 는 청나라 제 9 대 황제 함풍제 생전 에 친정 이복 큰아버지 함풍제 의 총애 를 받 았 고 청나라 제 10 대 황제 동치제 시대 에 도 친정 사촌 남 동생 인 동치 제 의 총애 와 공경 을 받 았 으며 청나라 제 11 대 황제 광서제 시대 에 도 친정 사촌 남 동생 인 광서제 의 공경 을 한 몸 에 받 고 1898 년 5 월 29 일 친정아버지 혁흔 의 상 ( 喪 ) 을 치렀 으며 청나라 제 12 대 황제 아이신 기오 로 아이신 기오 로 푸이 시대 에 도 친정 5 촌 조카인 아이신 기오 로 아이신 기오 로 푸이 ( 宣統帝 溥儀 ) 의 공경 을 받 는 등 청나라 황실 여자 의 원로 로서 예우 되 었 으나 1911 년 부터 만성 당뇨병 을 앓 기 시작 하 고 이듬해 1912 년 신해혁명 ( 辛亥革命 ) 이 일어나 며 청나라 가 멸망 하 자 베이징 시 에서 중화민국 둥베이 선양 시 으로 퇴출 추방 되 어 그곳 에서 	동치제	베이징 시	37
그녀 는 청나라 제 9 대 황제 함풍제 생전 에 친정 이복 큰아버지 함풍제 의 총애 를 받 았 고 청나라 제 10 대 황제 동치 제 시대 에 도 친정 사촌 남 동생 인 동치 제 의 총애 와 공경 을 받 았 으며 청나라 제 11 대 황제 광서제 시대 에 도 친정 사촌 남 동생 인 광서제 의 공경 을 한 몸 에 받 고 1898 년 5 월 29 일 친정아버지 혁흔 의 상 ( 喪 ) 을 치렀 으며 청나라 제 12 대 황제 아이신 기오 로 아이신 기오 로 푸이 시대 에 도 친정 5 촌 조카인 아이신 기오 로 아이신 기오 로 푸이 ( 宣統帝 溥儀 ) 의 공경 을 받 는 등 청나라 황실 여자 의 원로 로서 예우 되 었 으나 1911 년 부터 만성 당뇨병 을 앓 기 시작 하 고 이듬해 1912 년 신해혁명 ( 辛亥革命 ) 이 일어나 며 청나라 가 멸망 하 자 베이징 시 에서 중화민국 둥베이 선양 시 으로 퇴출 추방 되 어 그곳 에서 	광서제	베이징 시	37
그녀 는 청나라 제 9 대 황제 함풍제 생전 에 친정 이복 큰아버지 함풍제 의 총애 를 받 았 고 청나라 제 10 대 황제 동치 제 시대 에 도 친정 사촌 남 동생 인 동치제 의 총애 와 공경 을 받 았 으며 청나라 제 11 대 황제 광서제 시대 에 도 친정 사촌 남 동생 인 광서제 의 공경 을 한 몸 에 받 고 1898 년 5 월 29 일 친정아버지 혁흔 의 상 ( 喪 ) 을 치렀 으며 청나라 제 12 대 황제 아이신 기오 로 아이신 기오 로 푸이 시대 에 도 친정 5 촌 조카인 아이신 기오 로 아이신 기오 로 푸이 ( 宣統帝 溥儀 ) 의 공경 을 받 는 등 청나라 황실 여자 의 원로 로서 예우 되 었 으나 1911 년 부터 만성 당뇨병 을 앓 기 시작 하 고 이듬해 1912 년 신해혁명 ( 辛亥革命 ) 이 일어나 며 청나라 가 멸망 하 자 베이징 시 에서 중화민국 둥베이 선양 시 으로 퇴출 추방 되 어 그곳 에서 	동치제	베이징 시	37
그녀 는 청나라 제 9 대 황제 함풍제 생전 에 친정 이복 큰아버지 함풍제 의 총애 를 받 았 고 청나라 제 10 대 황제 동치 제 시대 에 도 친정 사촌 남 동생 인 동치 제 의 총애 와 공경 을 받 았 으며 청나라 제 11 대 황제 광서제 시대 에 도 친정 사촌 남 동생 인 광서제 의 공경 을 한 몸 에 받 고 1898 년 5 월 29 일 친정아버지 혁흔 의 상 ( 喪 ) 을 치렀 으며 청나라 제 12 대 황제 아이신 기오 로 아이신 기오 로 푸이 시대 에 도 친정 5 촌 조카인 아이신 기오 로 아이신 기오 로 푸이 ( 宣統帝 溥儀 ) 의 공경 을 받 는 등 청나라 황실 여자 의 원로 로서 예우 되 었 으나 1911 년 부터 만성 당뇨병 을 앓 기 시작 하 고 이듬해 1912 년 신해혁명 ( 辛亥革命 ) 이 일어나 며 청나라 가 멸망 하 자 베이징 시 에서 중화민국 둥베이 선양 시 으로 퇴출 추방 되 어 그곳 에서 	혁흔	베이징 시	37
 장덕 은 서울시립교향악단 첼리스트 였 던 아버지 장규상 과 서양 화 가 였 던 어머니 이숙희 사이 에서 1 남 1 녀 중 막내 로 서울특별시 중구 충무로 가 에서 1962 년 4 월 21 일 태어났 다 . 	장덕	서울특별시	37
1881 년 혁현 의 첩 로 간택 되 어 그 와 의 사이 에서 3 남 1 녀 를 두 었 으며 10 년 후 1891 년 순현친왕 과 사별 하 였 고 그 로부터 17 년 후 1908 년  광서제 의 붕어 와 서태후 의 훙서 직후 친 손자 아이신 기오 로 푸이 가 보위 에 오르 는 것 을 목도 하 였 으며 1912 년 청나라 의 멸망 을 목도 한 이후 에 도 베이징 시 에 계속 거주 하 다가 1925 년 향년 59 세 로 훙서 하 였 다 . 	광서제	베이징 시	37
1881 년 혁현 의 첩 로 간택 되 어 그 와 의 사이 에서 3 남 1 녀 를 두 었 으며 10 년 후 1891 년 순현친왕 과 사별 하 였 고 그 로부터 17 년 후 1908 년 광서제 의 붕어 와 서태후 의 훙서 직후 친 손자 아이신 기오 로 푸이 가 보위 에 오르 는 것 을 목도 하 였 으며 1912 년 청나라 의 멸망 을 목도 한 이후 에 도 베이징 시 에 계속 거주 하 다가 1925 년 향년 59 세 로 훙서 하 였 다 . 	서태후	베이징 시	37
1881 년 혁현 의 첩 로 간택 되 어 그 와 의 사이 에서 3 남 1 녀 를 두 었 으며 10 년 후 1891 년 순현친왕 과 사별 하 였 고 그 로부터 17 년 후 1908 년 광서제 의 붕어 와 서태후 의 훙서 직후 친 손자 아이신기오로 푸이 가 보위 에 오르 는 것 을 목도 하 였 으며 1912 년 청나라 의 멸망 을 목도 한 이후 에 도 베이징 시 에 계속 거주 하 다가 1925 년 향년 59 세 로 훙서 하 였 다 . 	아이신기오로 푸이	베이징 시	37
1881 년  혁현 의 첩 로 간택 되 어 그 와 의 사이 에서 3 남 1 녀 를 두 었 으며 10 년 후 1891 년 순현친왕 과 사별 하 였 고 그 로부터 17 년 후 1908 년 광서제 의 붕어 와 서태후 의 훙서 직후 친 손자 아이신 기오 로 푸이 가 보위 에 오르 는 것 을 목도 하 였 으며 1912 년 청나라 의 멸망 을 목도 한 이후 에 도 베이징 시 에 계속 거주 하 다가 1925 년 향년 59 세 로 훙서 하 였 다 . 	혁현	베이징 시	37
성 이 있 던 경명현 ( 景明峴 , 징매 이 고개 ) 는 황해 부터 한강 까지 모두 조망 되 는데다가 서울특별시 으로 통하 는 요충지 였 다 . 	황해	서울특별시	37
판소리 명창 박초월 ( 朴初月 , 본명 박삼순 ) 의 친언니 이 기 도 한 그녀 는 1933 년  남원시 에서 한약방 방주 ( 韓藥房 房主 ) 를 지낸 2 년 연하 의 김헌혁 ( 金憲爀 ) 과 결혼 하 였 으나 1940 년 사별 하 였 고 그 와 의 사이 에서 는 슬하 에 자녀 가 없 었 다 . 	박초월	남원시	37
서울 여운형 묘소 는 서울특별시 강북구 우이동 에 있 는 , 독립 운동가 이 자 언론인 인 여운형 선생 의 묘소 이 다 . 	여운형	서울특별시	37
 에파 릭시 는 신시내티 출신 의 도로시 메이어스 와 결혼 했 으며 , 두 자녀 , 에파 릭시 시니어 와 앤 릭시 사이크스 와 다섯 명 의 손자 , 제임스 릭시 , 에파 릭시 4 세 , 스티브 사이크스 , 페이지 사이크스 , 데이비드 사이크스 를 두 었 다 . 	에파 릭시	신시내티	37
에파 릭시 는 신시내티 출신 의 도로시 메이어스 와 결혼 했 으며 , 두 자녀 , 에파 릭시 시니어 와 앤 릭시 사이크스 와 다섯 명 의 손자 , 제임스 릭시 , 에파 릭시 4 세 , 스티브 사이크스 , 페이지 사이크스 , 데이비드 사이크스 를 두 었 다 . 	에파 릭시	신시내티	37
영화배우 겸 연기자 박준규 의 부인 이 기 도 한 그녀 의 본관 은 여양 진 씨 이 며 서울특별시 출생 이 다 . 	박준규	서울특별시	37
그 는 일제 강점기 조선 말기 시기 이 던 1942 년 중국 대륙 에서 한국광복군 에 소위 계급 으로 입대 하 여 1944 년 한국광복군 중위 진급 하 였 고 1945 년 8 월 15 일 을 기하 여 제 2 차 세계 대전 이 종전 된 시기 까지 이진용 · 고정훈 등 과 아울러 한국광복군 중위 신분 으로 복무 를 하 였 으며 상하이 시 에서 8 · 15 광복 을 목도 하 였 고 같 은 해 1945 년 10 월 에 귀국 하 였 으며 이듬해 1946 년 부터 2 년 후 1948 년 까지 는 서울특별시 에서 본격 거주 하 기 시작 하 여 백범 김구 비상 국민회의 부의장 비서실장 이 었 던 선우진 과 아울러 백범 김구 당시 비상 국민회의 부의장 의 수행 비서관 을 거쳐 1947 년 백범 김구 비상 국민회의 부의장 의 행정 보좌관 을 역임 하 다가 1 년 후 1948 년 	선우진	서울특별시	37
그 는 일제 강점기 조선 말기 시기 이 던 1942 년 중국 대륙 에서 한국광복군 에 소위 계급 으로 입대 하 여 1944 년 한국광복군 중위 진급 하 였 고 1945 년 8 월 15 일 을 기하 여 제 2 차 세계 대전 이 종전 된 시기 까지 이진용 · 고정훈 등 과 아울러 한국광복군 중위 신분 으로 복무 를 하 였 으며 상하이 시 에서 8 · 15 광복 을 목도 하 였 고 같 은 해 1945 년 10 월 에 귀국 하 였 으며 이듬해 1946 년 부터 2 년 후 1948 년 까지 는 서울특별시 에서 본격 거주 하 기 시작 하 여 백범 김구 비상 국민회의 부의장 비서실장 이 었 던 선우진 과 아울러 백범 김구 당시 비상 국민회의 부의장 의 수행 비서관 을 거쳐 1947 년 백범 김구 비상 국민회의 부의장 의 행정 보좌관 을 역임 하 다가 1 년 후 1948 년 	고정훈	서울특별시	37
그 는 시 겸 아동극 작가 및 한국어 겸 수필 모기윤 前 한글학회 이사장 과 도 문학 교류 를 하 였 으며 그 는 한때 그 의 문하 에 정일성 · 윤 삼륙 · 전세 권 · 김벌래 등 이 교습 하 였 고 가수 및 투자 가 겸 영화 프로듀서 고복수 · 영화 영화 감독 겸 영화 시나리오 영화 각본 및 투자 가  조긍하 등 과 도 각각 영화 기획 투자 교류 협상 을 시도 하 기 도 한 그 는 이 처럼 서울특별시 에서 영화 겸 연극 연출가 와 문학 작가 로 활발히 활약 을 하 다가 1977 년 이후 에 는 안양시 에 전격 낙향 하 여 그곳 에 거주 하 였 고 이듬해 1978 년 영화 와 문학 및 연극 연출 을 비롯 한 예술 분야 에서 사실 상 은퇴 하 였 다 . 	조긍하	서울특별시	37
그 는 시 겸 아동극 작가 및 한국어 겸 수필 모기윤 前 한글학회 이사장 과 도 문학 교류 를 하 였 으며 그 는 한때 그 의 문하 에 정일성 · 윤 삼륙 · 전세 권 · 김벌래 등 이 교습 하 였 고 가수 및 투자 가 겸 영화 프로듀서  고복수 · 영화 영화 감독 겸 영화 시나리오 영화 각본 및 투자 가 조긍하 등 과 도 각각 영화 기획 투자 교류 협상 을 시도 하 기 도 한 그 는 이 처럼 서울특별시 에서 영화 겸 연극 연출가 와 문학 작가 로 활발히 활약 을 하 다가 1977 년 이후 에 는 안양시 에 전격 낙향 하 여 그곳 에 거주 하 였 고 이듬해 1978 년 영화 와 문학 및 연극 연출 을 비롯 한 예술 분야 에서 사실 상 은퇴 하 였 다 . 	고복수	서울특별시	37
도화랑 ( 桃花娘 ) 은 경주시 의 골품 제도 이 없 는 어느 민가 ( 民家 ) 에서 출생 한 여자 이 며 처녀 시절 부터 자색 이 곱 고 얼굴 이 아름다운데 다가 인물 이 출중 하 기 로 소문 이 나 있 었 고 진지왕 이 즉위 할 무렵 에 는 이미 결혼 을 한 몸 이 었 다 . 	진지왕	경주시	37
비형랑 은 579 년 3 월 에 신라 제 25 대 군주 신라 진지왕 의 서자 ( 庶子 ) 로 출생 하 였 고 생후 5 개월 시기 이 던 579 년 8 월 에 진지왕 이 훙서 ( 薨 逝 ) 하 였 으며 이후 진지왕 의 이복 조카 진평왕 은 579 년 7 월 사도 태후 와 미실 가 일으킨 정변 으로 보위 에 옹립 되 어 584 년 까지 사도 태후 의 섭정 을 받 은 이후 경주시 바깥 에 쫓겨나 있 던 비형랑 을 불러 귀신 의 무리 가운데 에서 인간 세계 로 와 서 조정 의 국정 집무 를 도울 만 한 이 가 있 는지 를 물 었 는데 , 비형랑 은 길달 ( 吉達 ) 을 천거 하 였 고 비형랑 이 길달 ( 吉達 ) 을 동반 하 여 경주시 에 진평왕 을 알현 ( 謁見 ) 하 자 진평왕 은 그 에게 집사 ( 執 事 ) 라는 관직 을 제수 하 였 고 , 길달 은 충직 하 게 국정 집무 보좌 를 임무 하 였 다 . 	진지왕	경주시	37
비형랑 은 579 년 3 월 에 신라 제 25 대 군주 신라 진지왕 의 서자 ( 庶子 ) 로 출생 하 였 고 생후 5 개월 시기 이 던 579 년 8 월 에 진지왕 이 훙서 ( 薨 逝 ) 하 였 으며 이후 진지왕 의 이복 조카 진평왕 은 579 년 7 월 사도 태후 와 미실 가 일으킨 정변 으로 보위 에 옹립 되 어 584 년 까지 사도 태후 의 섭정 을 받 은 이후 경주시 바깥 에 쫓겨나 있 던 비형랑 을 불러 귀신 의 무리 가운데 에서 인간 세계 로 와 서 조정 의 국정 집무 를 도울 만 한 이 가 있 는지 를 물 었 는데 , 비형랑 은 길달 ( 吉達 ) 을 천거 하 였 고 비형랑 이 길달 ( 吉達 ) 을 동반 하 여 경주시 에 진평왕 을 알현 ( 謁見 ) 하 자 진평왕 은 그 에게 집사 ( 執 事 ) 라는 관직 을 제수 하 였 고 , 길달 은 충직 하 게 국정 집무 보좌 를 임무 하 였 다 . 	진평왕	경주시	37
묘 는 경기도  양주시 의 박응순 의 어머니 묘 근처 에 마련 되 었 다 . 	박응순	양주시	37
톈진 시 의 몽골족 귀족 집안 에서 : zh : 李榮保 ( 富察 李榮保 ) 의 슬하 4 남 1 녀 가운데 적삼남 ( 嫡三男 ) 으로 출생 한 그 는 베이징 시 에서 성장 하 였 으며 누나 효현순 황후 ( 孝賢純皇后 ) 가 건륭제 ( 乾隆帝 ) 의 황후 가 되 었 고 차자 부찰 복륭안 은 자형 건륭제 ( 乾隆帝 ) 의 부마도위 가 되 어 청나라 황실 과 의 겹사돈 을 맺 었 으며 그 또한 1744 년 에 청나라 관직 에 출사 하 여 1770 년 7 월 에 향년 47 세 로 서거 할 때 까지 군기대신 ( 軍機大臣 ) · 대학사 ( 大學士 ) 등 의 고관대작 ( 高官大爵 ) 을 역임 하 였 다 . 	건륭제	베이징 시	37
경주 선덕여왕릉 ( 慶州 善德女王陵 ) 은 경상북도  경주시 보문동 에 있 는 신라 27 대 왕 인 선덕여왕 ( 재위 632 ∼ 647 ) 의 무덤 이 다 . 	선덕여왕	경주시	37
다른 한편 장헌충 도 1643 년 우한 시 을 점령 하 여 스스로 ' 대서왕 ( 大西王 ) ' 이 라 칭하 였 고 이듬해 1644 년 1 월 6 일 에 쓰촨 성 일대 를 장악 하 였 으며 , 청두 시 에서 자신 의 농민 반란군 군사 들 과 개선 행진 을 아울러 ' 대서 ( 大西 ) 왕조 ' 를 창건 하 고 서 고진제 ( 西 高秦帝 ) 로 보위 에 올라 서나라 처음 이 자 마지막 황제 가 되 었 다 . 	장헌충	청두 시	37
1 년 후 1644 년 에 장헌충 은 쓰촨 성 으로 전격 진출 하 여 대부분 의 주군현 ( 州郡縣 ) 을 점령 및 장악 하 였 으며 , 특히 청두 시 를 공격 하 여 당시 명나라 황족 종실 이 었 던 : zh : 朱至澍 를 참살 하 여 농민군 의 쓰촨 성 주둔 세력 을 넓혔 다 . 	장헌충	청두 시	37
결국 1645 년 4 월 24 일 을 기하 여 순나라 가 멸망 하 고 같 은 해 1645 년 5 월 17 일 에 폐주 이자 성 장군 이 자살 붕어 한 이듬해 1646 년 , 당시 청나라 황족 종실 이 었 던 아이신 기오 로 후거 가 이끄는 청나라 군사 가 쓰촨 성 으로 진격 하 였 는데 이 에 장헌충 은 청두 시 에서 청나라 군사 에 격렬히 대 적 항전 하 였 으나 , 아이신 기오 로 후거 가 이끄는 청나라 군사 의 진격 압력 을 견디 지 못하 고 1646 년 12 월 20 일 을 기하 여 서나라 황제 보위 에서 물러나 총리대신 손가망 에게 선위 하 였 으며 후임 서나라 총리대신 이정국 이 섭정 하 였 지만 사실 상 폐주 장헌충 장군 은 계속 아랑곳없이 청나라 군사 들 과 전투 끝 에 청나라 군사 들 의 돌진 공격 을 견디 지 못한 채 불과 7 일 만 에 1646 년  	장헌충	청두 시	37
다른 한편 , 장헌충 ( 張献忠 ) 은 매우 잔혹 하 고 난폭 한 탓 에 무 자비 하 게 살육 과 약탈 을 저지른 것 으로 알려 져 있 는데 그 는 전투 를 전개 하 는 과정 에서 자신 의 손 에 패전 한 적장 들 이 남긴 신분 천한 가노 들 의 식솔 들 가운데 에서 는 비천 한 임산부 들 과 미천 한 어린아이 들 까지 마구잡이 로 참살 하 였 으며 , 무법 전투 로써 방화 와 약탈 을 자행 하 여 백성 들 로부터 ' 도부 ( 屠 夫 ) ' 라 불리 었 으며 서나라 창건 이후 에 는 쓰촨 성 에서 도 무 자비 한 공포 제권 통치 가 이루어져 대 규모 학살 ( 虐殺 ) 이 공공연히 횡행 하 는데 다가 , 청나라 군사 들 과 의 전투 끝 에 패망 서국 ( 西國 ) 폐주 장헌충 장군 이 전사 한 청두 시 은 도성 전체 가 파괴 되 어 거의 살아남 은 자 들 이 없 을 만큼 황폐 되 었 다 한 다 . 	장헌충	청두 시	37
1388 년 위화도 회군 직후 외숙부 최영 이 조선 태조 장군 세력 일파 에 의하 여 사형 되 자 그 이듬해 1389 년  최영 의 최 측근 이 었 던 정득 후 ( 鄭得厚 ) 장군 과 동반 하 여 여주 시 에 건너가 고려 우왕 를 접견 하 여 조선 태조 암살 작전 청탁 을 받 고 개성특급시 에 귀환 , 곽충보 ( 郭忠輔 ) 와 사전 모의 하 여 팔관회 를 습격 하 고 팔관회 참석 예정 을 일정 하 던 조선 태조 를 암살 하 기 위한 작전 을 짜 다가 끝끝내 곽충보 의 배신 을 받 고 이 에 아울러 곽충보 장군 의 밀고 를 받 은 조선 태조 가 팔관회 참석 을 취소 하 고 사저 칩거 를 강행 하 자 , 하 는 수 없이 정득 후 장군 과 재모의 하 여 조선 태조 의 사저 잠입 을 강행 끝 에 조선 태조 암살 을 실행 하 려다가 미수 에 그치 고 순군옥 에 포감 되 어 이른바 ' 김저 의 옥사 ' 라는 사건 의 주범 으로 몰범 되 었 고 	최영	개성특급시	37
1388 년 위화도 회군 직후 외숙부 최영 이 조선 태조 장군 세력 일파 에 의하 여 사형 되 자 그 이듬해 1389 년 최영 의 최 측근 이 었 던 정득 후 ( 鄭得厚 ) 장군 과 동반 하 여 여주 시 에 건너가 고려 우왕 를 접견 하 여 조선 태조 암살 작전 청탁 을 받 고 개성특급시 에 귀환 , 곽충보 ( 郭忠輔 ) 와 사전 모의 하 여 팔관회 를 습격 하 고 팔관회 참석 예정 을 일정 하 던 조선 태조 를 암살 하 기 위한 작전 을 짜 다가 끝끝내 곽충보 의 배신 을 받 고 이 에 아울러 곽충보 장군 의 밀고 를 받 은 조선 태조 가 팔관회 참석 을 취소 하 고 사저 칩거 를 강행 하 자 , 하 는 수 없이 정득 후 장군 과 재모의 하 여 조선 태조 의 사저 잠입 을 강행 끝 에 조선 태조 암살 을 실행 하 려다가 미수 에 그치 고 순군옥 에 포감 되 어 이른바 ' 김저 의 옥사 ' 라는 사건 의 주범 으로 몰범 되 었 고 	최영	개성특급시	37
 시카고 에서 활동 할 당시 그 는 블라인드 레몬 제퍼슨 이나 라이트닝 홉킨스 등 으로부터 영향 을 받 았 고 60 년대 에 는 ' Hideaway ' 라는 상업 적 인 인스트루멘틀곡 으로 인기 를 얻 기 도 했 다 . 	블라인드 레몬 제퍼슨	시카고	37
그녀 는 16 세 시절 이 던 1889 년  광서제 의 후궁 으로 간택 되 었 는데 광서제 와 의 사이 에서 자녀 는 없 었 으며 광서제 가 붕어 ( 崩 御 ) 한 이후 청나라 제 12 대 황제 아이신 기오 로 아이신 기오 로 푸이 시대 에 도 아이신 기오 로 아이신 기오 로 푸이 ( 宣統帝 溥儀 ) 의 공경 을 받 는 등 청나라 황실 여자 의 원로 로서 예우 되 었 으나 1912 년 신해혁명 ( 辛亥革命 ) 이 일어나 며 청나라 가 멸망 하 자 베이징 시 에서 중화민국 둥베이 선양 시 으로 퇴출 추방 되 었 다가 1917 년 베이징 시 에 귀환 하 였 지만 1920 년 에 는 폐렴 에 걸려 투병 하 다가 4 년 후 1924 년 중화민국 허베이 성  베이징 시 쯔진청 융허 궁 에서 그곳 에서 향년 51 세 로 훙서 ( 薨 逝 ) 하 였 다 . 	광서제	베이징 시	37
그녀 는 16 세 시절 이 던 1889 년  광서제 의 후궁 으로 간택 되 었 는데 광서제 와 의 사이 에서 자녀 는 없 었 으며 광서제 가 붕어 ( 崩 御 ) 한 이후 청나라 제 12 대 황제 아이신 기오 로 아이신 기오 로 푸이 시대 에 도 아이신 기오 로 아이신 기오 로 푸이 ( 宣統帝 溥儀 ) 의 공경 을 받 는 등 청나라 황실 여자 의 원로 로서 예우 되 었 으나 1912 년 신해혁명 ( 辛亥革命 ) 이 일어나 며 청나라 가 멸망 하 자 베이징 시 에서 중화민국 둥베이 선양 시 으로 퇴출 추방 되 었 다가 1917 년  베이징 시 에 귀환 하 였 지만 1920 년 에 는 폐렴 에 걸려 투병 하 다가 4 년 후 1924 년 중화민국 허베이 성 베이징 시 쯔진청 융허 궁 에서 그곳 에서 향년 51 세 로 훙서 ( 薨 逝 ) 하 였 다 . 	광서제	베이징 시	37
그녀 는 16 세 시절 이 던 1889 년  광서제 의 후궁 으로 간택 되 었 는데 광서제 와 의 사이 에서 자녀 는 없 었 으며 광서제 가 붕어 ( 崩 御 ) 한 이후 청나라 제 12 대 황제 아이신 기오 로 아이신 기오 로 푸이 시대 에 도 아이신 기오 로 아이신 기오 로 푸이 ( 宣統帝 溥儀 ) 의 공경 을 받 는 등 청나라 황실 여자 의 원로 로서 예우 되 었 으나 1912 년 신해혁명 ( 辛亥革命 ) 이 일어나 며 청나라 가 멸망 하 자 베이징 시 에서 중화민국 둥베이 선양 시 으로 퇴출 추방 되 었 다가 1917 년 베이징 시 에 귀환 하 였 지만 1920 년 에 는 폐렴 에 걸려 투병 하 다가 4 년 후 1924 년 중화민국 허베이 성 베이징 시 쯔진청 융허 궁 에서 그곳 에서 향년 51 세 로 훙서 ( 薨 逝 ) 하 였 다 . 	광서제	베이징 시	37
그녀 는 16 세 시절 이 던 1889 년 광서제 의 후궁 으로 간택 되 었 는데 광서제 와 의 사이 에서 자녀 는 없 었 으며 광서제 가 붕어 ( 崩 御 ) 한 이후 청나라 제 12 대 황제 아이신 기오 로 아이신 기오 로 푸이 시대 에 도 아이신 기오 로 아이신 기오 로 푸이 ( 宣統帝 溥儀 ) 의 공경 을 받 는 등 청나라 황실 여자 의 원로 로서 예우 되 었 으나 1912 년 신해혁명 ( 辛亥革命 ) 이 일어나 며 청나라 가 멸망 하 자 베이징 시 에서 중화민국 둥베이 선양 시 으로 퇴출 추방 되 었 다가 1917 년  베이징 시 에 귀환 하 였 지만 1920 년 에 는 폐렴 에 걸려 투병 하 다가 4 년 후 1924 년 중화민국 허베이 성 베이징 시 쯔진청 융허 궁 에서 그곳 에서 향년 51 세 로 훙서 ( 薨 逝 ) 하 였 다 . 	광서제	베이징 시	37
그녀 는 16 세 시절 이 던 1889 년 광서제 의 후궁 으로 간택 되 었 는데 광서제 와 의 사이 에서 자녀 는 없 었 으며 광서제 가 붕어 ( 崩 御 ) 한 이후 청나라 제 12 대 황제 아이신 기오 로 아이신 기오 로 푸이 시대 에 도 아이신 기오 로 아이신 기오 로 푸이 ( 宣統帝 溥儀 ) 의 공경 을 받 는 등 청나라 황실 여자 의 원로 로서 예우 되 었 으나 1912 년 신해혁명 ( 辛亥革命 ) 이 일어나 며 청나라 가 멸망 하 자 베이징 시 에서 중화민국 둥베이 선양 시 으로 퇴출 추방 되 었 다가 1917 년 베이징 시 에 귀환 하 였 지만 1920 년 에 는 폐렴 에 걸려 투병 하 다가 4 년 후 1924 년 중화민국 허베이 성 베이징 시 쯔진청 융허 궁 에서 그곳 에서 향년 51 세 로 훙서 ( 薨 逝 ) 하 였 다 . 	광서제	베이징 시	37
그녀 는 16 세 시절 이 던 1889 년 광서제 의 후궁 으로 간택 되 었 는데 광서제 와 의 사이 에서 자녀 는 없 었 으며 광서제 가 붕어 ( 崩 御 ) 한 이후 청나라 제 12 대 황제 아이신 기오 로 아이신 기오 로 푸이 시대 에 도 아이신 기오 로 아이신 기오 로 푸이 ( 宣統帝 溥儀 ) 의 공경 을 받 는 등 청나라 황실 여자 의 원로 로서 예우 되 었 으나 1912 년 신해혁명 ( 辛亥革命 ) 이 일어나 며 청나라 가 멸망 하 자 베이징 시 에서 중화민국 둥베이 선양 시 으로 퇴출 추방 되 었 다가 1917 년 베이징 시 에 귀환 하 였 지만 1920 년 에 는 폐렴 에 걸려 투병 하 다가 4 년 후 1924 년 중화민국 허베이 성  베이징 시 쯔진청 융허 궁 에서 그곳 에서 향년 51 세 로 훙서 ( 薨 逝 ) 하 였 다 . 	광서제	베이징 시	37
본관 은 공주 이 씨 이 며 서울특별시 에서 출생 한 그녀 는 이후 충청남도 천안시 에서 성장 하 였 고 10 세 시절 이 던 1947 년 에 부친상 ( 父親喪 ) 을 치렀 으며 1953 년 이영숙 ( 李英淑 ) 본명 으로 제 8 군 언더그라운드 라이브 클럽 에서 가수 첫 데뷔 를 하 였 고 이후 오르간 겸 작곡가  박태준 에게 발탁 되 었 으며 박태준 을 사부 ( 師父 ) 로 모시 고 바이 올린 겸 작곡가 김광수 를 사숙 ( 師叔 ) 으로 모시 며 박태준 의 문하 에 서양 고전 음악 수련 을 하 며 박태준 에게서 박재란 ( 朴載蘭 ) 이 라는 예명 을 얻 어 1957 년 정식 가수 데뷔 하 였 고 이후 《 뜰 아래 귀뚜라미 》 , 《 러키 모닝 》 , 《 코스모스 사랑 》 , 《 밀짚 모자 목장 아가씨 》 등 을 비롯 한 노래 들 이 히트 하 였 고 1 년 후 1958 년 에 는 파인 김동환 의 시 에 	박태준	서울특별시	37
본관 은 공주 이 씨 이 며 서울특별시 에서 출생 한 그녀 는 이후 충청남도 천안시 에서 성장 하 였 고 10 세 시절 이 던 1947 년 에 부친상 ( 父親喪 ) 을 치렀 으며 1953 년 이영숙 ( 李英淑 ) 본명 으로 제 8 군 언더그라운드 라이브 클럽 에서 가수 첫 데뷔 를 하 였 고 이후 오르간 겸 작곡가 박태준 에게 발탁 되 었 으며 박태준 을 사부 ( 師父 ) 로 모시 고 바이 올린 겸 작곡가 김광수 를 사숙 ( 師叔 ) 으로 모시 며 박태준 의 문하 에 서양 고전 음악 수련 을 하 며 박태준 에게서 박재란 ( 朴載蘭 ) 이 라는 예명 을 얻 어 1957 년 정식 가수 데뷔 하 였 고 이후 《 뜰 아래 귀뚜라미 》 , 《 러키 모닝 》 , 《 코스모스 사랑 》 , 《 밀짚 모자 목장 아가씨 》 등 을 비롯 한 노래 들 이 히트 하 였 고 1 년 후 1958 년 에 는 파인 김동환 의 시 에 	박태준	서울특별시	37
본관 은 공주 이 씨 이 며 서울특별시 에서 출생 한 그녀 는 이후 충청남도 천안시 에서 성장 하 였 고 10 세 시절 이 던 1947 년 에 부친상 ( 父親喪 ) 을 치렀 으며 1953 년 이영숙 ( 李英淑 ) 본명 으로 제 8 군 언더그라운드 라이브 클럽 에서 가수 첫 데뷔 를 하 였 고 이후 오르간 겸 작곡가 박태준 에게 발탁 되 었 으며 박태준 을 사부 ( 師父 ) 로 모시 고 바이 올린 겸 작곡가  김광수 를 사숙 ( 師叔 ) 으로 모시 며 박태준 의 문하 에 서양 고전 음악 수련 을 하 며 박태준 에게서 박재란 ( 朴載蘭 ) 이 라는 예명 을 얻 어 1957 년 정식 가수 데뷔 하 였 고 이후 《 뜰 아래 귀뚜라미 》 , 《 러키 모닝 》 , 《 코스모스 사랑 》 , 《 밀짚 모자 목장 아가씨 》 등 을 비롯 한 노래 들 이 히트 하 였 고 1 년 후 1958 년 에 는 파인 김동환 의 시 에 	김광수	서울특별시	37
그 는 조선 숙종 치세 시기 이 자 나이 6 세 시절 이 던 1685 년 여릉부정 ( 驪陵副正 ) 에 책봉 되 었 으며 이듬해 1686 년  여릉군 ( 驪陵君 ) 에 진봉 된 이후 가덕대부 ( 嘉德大夫 ) 에 책록 되 어 조선 경종 · 조선 영조 때 까지 왕족 종실 지위 를 온온히 지내 었 지만 조선 영조 치세 시기 였 던 1728 년 에 는 갑작스레 이인좌 의 난 에 연루 되 어 포천시 에 유배 되 었 다가 끝끝내 1730 년 복주 처분 되 었 다 . 	여릉군	포천시	37
1956 년 6 월 23 일 서울특별시 마포구 아현동 에서 최태민 의 다섯 번 째 딸 로 태어났 다 . 	최태민	서울특별시	37
한편 , 1658 년 4 월 25 일 에 는 사제 유문수 가 청나라 윈난 성  쿤밍 시 에서 갑작스레 천연두 에 걸려 병사 하 는 것 을 목도 하 였 다 . 	유문수	쿤밍 시	37
명나라  홍무제 시기 에 는 명나라 최초 의 수도 였 던 응천부 ( 應天府 , 현재 의 난징 시 ) 주변 을 직례 라고 불렀 다 . 	홍무제	난징 시	37
그 가 14 세 되 던 해 에 온 가족 이 시카고 로 이사 를 오 게 되 었 고 , 여기 에서 오티스 는 머디 워터스 나 하울링 울프 등 시카고 에서 활약 하 던 블루스 맨 들 의 라이브 를 눈앞 에서 지켜볼 수 있 었 다 . 	하울링 울프	시카고	37
이후 권 씨 는 연산 ( 현재 의 충청남도  논산시 연산면 일대 ) 에서 유배 생활 을 했 는데 , 1624 년 ( 인조 2 년 ) 음력 3 월 21 일 김장생 이 권 씨 의 석방 을 건의 하 였 으나 인조 는 광해군 때 의 국정 문란 이 이 들 탓 이 라 하 여 받아들이 지 않 았 다 . 	김장생	논산시	37
 미시시피 존 허트 는 미시시피 주 캐롤 카운티 에서 태 어 났 으며 미시시피 주 아발론 ( 미시시피 주 ) 에서 자랐 다 . 	미시시피 존 허트	미시시피 주	37
이후 몽골 인민 공화국 몽골 인민 협상 위원회 참의원 과 중국 공산당 내몽골 인민 위원회 참의원 을 거쳐 중화인민공화국 중국 공산당 중국 인민 정치 협상 회의 전국 위원 을 지내 다가 중화인민공화국 중국 공산당 중국 인민 정치 협상 회의 전국 위원 을 지내 던 중 1950 년 당시 같 은 중화인민공화국 중국 공산당 중국 인민 정치 협상 회의 전국 위원 이 던 아버지 데므치그돈로브 ( 德王 德穆楚克棟魯普 ) 의 뜻 에 엇나가 는 행실 을 빚 던 중 그 해 1950 년  마오쩌둥 ( 毛澤東 ) 당시 중화인민공화국 국가 원수 가 도고이소륭 자신 을 암살 하 려던 계략 을 사전 에 인지 하 고 중화인민공화국  베이징 시 을 탈출 하 여 몽몽골 울란바토르 에 도피 하 였 지만 곤치 긴 붐첸드 ( Gonchigiin Bumtsend ) 당시 몽골 대통령 에게 현행 변절범 으로 체포 되 어 몽몽골 울란바토르 인민종 인부 에 2 년 간 	마오쩌둥	베이징 시	37
 바비 블랜드 는 1930 년 1 월 27 일  테네시 주 바렛빌 ( 테네시 주 ) 에서 태어났 다 . 	바비 블랜드	테네시 주	37
1951 년 미시시피 주 잭슨 ( 미시시피 주 ) 에 기반 을 둔 트럼펫 레코드 에서 블루스 뮤지션 로버트 존슨 의 1937 년 곡 〈 I Believe I ' ll Dust My Broom 〉 을 재 해석 한 데뷔 싱글 《 Dust My Broom 》 을 발표 했 다 . 	로버트 존슨	미시시피 주	37
* 하일성 이 서울특별시 송파구 삼전동 의 자신 이 운영 하 는 SKY 엔터테인먼트 사무실 에서 자살 했 다 . 	하일성	서울특별시	37
 페르시아 제국 아케메네스 왕조 의 마지막 왕 다리우스 3세 의 딸 과 동명 의 왕비 스타테 이 라 1 세 의 장녀 이 다 . 	다리우스 3세	페르시아 제국	37
드리페티스 는 기원 전 350 년 에서 기원 전 345 년 사이 에 페르시아 제국 아케메네스 왕조 마지막 왕 다리우스 3세 와 왕비 스타테 이 라 1 세 사이 에서 태어났 다 . 	다리우스 3세	페르시아 제국	37
멤논 ( , , 기원 전 380 년 - 기원 전 333 년 ) 은 그리스인 이 면서 아케메네스 왕조  페르시아 제국 의 다리우스 3세 를 섬겼 던 군인 ( 용병 ) 이 다 . 	다리우스 3세	페르시아 제국	37
로도스 의 멤논 ( 기원전 380 년 – 333 년 ) , 페르시아 제국 의 다리우스 3세 를 섬긴 그리스인 용병군 사령관 	다리우스 3세	페르시아 제국	37
2012 년 3 월 26 일 에 는 평양직할시 에 위치 한 김일성 주석 의 생가 인 만경대 를 방문 했 다 . 	김일성	평양직할시	37
아우: 강석원(姜錫元, 1908년 8월 21일 광주군 (전라남도) 출생 ~ 1991년 1월 7일 광주광역시 광산구에서 향년 84세로 별세, 한국의 독립 운동. 前 광주청년회 대표위원.)	강석원	광주광역시	37
 그러던 중 7월 19일 서울특별시 혜화동 로터리에서 좌우합작위원회 좌측 대표 여운형이 백의사 단원 한지근외 4명 등이 쏜 권총에 맞고 피습 절명하자, 김규식은 여운형의 죽음에 매우 크게 충격 받았다.	여운형	서울특별시	37
장덕수 피살 사건은 1947년 12월 2일 서울특별시 동대문구 제기동 청설장에서 한국민주당의 당수 장덕수가 미군정청 경찰관인 순경 박광옥(한국독립당 당원), 초등학교 교사 배희범(한국독립당의 당원) 외 5명의 권총 저격을 받고 암살된 사건이다.	장덕수	서울특별시	37
